ticker,market_data_symbol,security_name,asset_type,primary_role,sector,style_tilt,region,is_core,is_defensive,is_income,is_growth,eligible_for_buy_engine,notes,universe_source,source_count
BND,BND,Vanguard Total Bond Market ETF,ETF,Stability sleeve,Fixed Income,Defensive,US,False,True,True,False,True,Broad bond exposure for steadier ballast,Curated ETF list,1
IVV,IVV,iShares Core S&P 500 ETF,ETF,Core benchmark ballast,Broad Market,Blend,US,True,False,False,False,True,Alternative S&P 500 core exposure,Curated ETF list,1
QUAL,QUAL,iShares MSCI USA Quality Factor ETF,ETF,Quality ballast,Broad Market,Quality,US,False,True,False,False,True,Quality factor ETF for stronger balance sheets,Curated ETF list,1
SCHD,SCHD,Schwab U.S. Dividend Equity ETF,ETF,Income and quality ballast,Financial Services,Income,US,False,True,True,False,True,Dividend-oriented ETF with quality tilt,Curated ETF list,1
USMV,USMV,iShares MSCI USA Min Vol Factor ETF,ETF,Lower-volatility ballast,Broad Market,Low Volatility,US,False,True,False,False,True,Designed to reduce portfolio swings,Curated ETF list,1
VGIT,VGIT,Vanguard Intermediate-Term Treasury ETF,ETF,Stability sleeve,Fixed Income,Defensive,US,False,True,True,False,True,Treasury exposure for a more defensive mix,Curated ETF list,1
VIG,VIG,Vanguard Dividend Appreciation ETF,ETF,Quality ballast,Financial Services,Quality,US,False,True,True,False,True,Dividend growth ETF for steadier quality exposure,Curated ETF list,1
VOO,VOO,Vanguard S&P 500 ETF,ETF,Core benchmark ballast,Broad Market,Blend,US,True,False,False,False,True,Default broad-market core holding,Curated ETF list,1
VTI,VTI,Vanguard Total Stock Market ETF,ETF,Core diversification,Broad Market,Blend,US,True,False,False,False,True,Broader US equity exposure than S&P 500 only,Curated ETF list,1
XLP,XLP,Consumer Staples Select Sector SPDR Fund,ETF,Defensive diversifier,Consumer Defensive,Defensive,US,False,True,True,False,True,Staples ETF for resilience in weaker markets,Curated ETF list,1
XLU,XLU,Utilities Select Sector SPDR Fund,ETF,Defensive diversifier,Utilities,Defensive,US,False,True,True,False,True,Utilities ETF for lower-beta diversification,Curated ETF list,1
XLV,XLV,Health Care Select Sector SPDR Fund,ETF,Defensive diversifier,Health Care,Defensive,US,False,True,False,False,True,Healthcare sector ETF for defensive diversification,Curated ETF list,1
AAPL,AAPL,Apple Inc.,Stock,Blue-chip compounder,Information Technology,Quality,US,False,False,False,False,True,"Known-universe stock candidate added from Dow 30, ETF holding: IVV, ETF holding: QUAL, ETF holding: VIG, ETF holding: VOO, ETF holding: VTI, Nasdaq-100, S&P 500",Dow 30; ETF holding: IVV; ETF holding: QUAL; ETF holding: VIG; ETF holding: VOO; ETF holding: VTI; Nasdaq-100; S&P 500,8
NVDA,NVDA,Nvidia,Stock,Blue-chip compounder,Information Technology,Quality,US,False,False,False,False,True,"Known-universe stock candidate added from Dow 30, ETF holding: IVV, ETF holding: QUAL, ETF holding: VOO, ETF holding: VTI, Nasdaq-100, S&P 500",Dow 30; ETF holding: IVV; ETF holding: QUAL; ETF holding: VOO; ETF holding: VTI; Nasdaq-100; S&P 500,7
AMZN,AMZN,Amazon,Stock,Blue-chip compounder,Consumer Discretionary,Quality,US,False,False,False,False,True,"Known-universe stock candidate added from Dow 30, ETF holding: IVV, ETF holding: VOO, ETF holding: VTI, Nasdaq-100, S&P 500",Dow 30; ETF holding: IVV; ETF holding: VOO; ETF holding: VTI; Nasdaq-100; S&P 500,6
AVGO,AVGO,Broadcom,Stock,Large-cap diversifier,Information Technology,Blend,US,False,False,False,False,True,"Known-universe stock candidate added from ETF holding: IVV, ETF holding: VIG, ETF holding: VOO, ETF holding: VTI, Nasdaq-100, S&P 500",ETF holding: IVV; ETF holding: VIG; ETF holding: VOO; ETF holding: VTI; Nasdaq-100; S&P 500,6
META,META,Meta Platforms,Stock,Quality growth,Communication Services,Growth,US,False,False,False,True,True,"Known-universe stock candidate added from ETF holding: IVV, ETF holding: QUAL, ETF holding: VOO, ETF holding: VTI, Nasdaq-100, S&P 500",ETF holding: IVV; ETF holding: QUAL; ETF holding: VOO; ETF holding: VTI; Nasdaq-100; S&P 500,6
AMGN,AMGN,Amgen,Stock,Defensive large-cap,Health Care,Defensive,US,False,True,False,False,True,"Known-universe stock candidate added from Dow 30, ETF holding: SCHD, ETF holding: XLV, Nasdaq-100, S&P 500",Dow 30; ETF holding: SCHD; ETF holding: XLV; Nasdaq-100; S&P 500,5
GOOG,GOOG,Alphabet Inc. (Class C),Stock,Quality growth,Communication Services,Growth,US,False,False,False,True,True,"Known-universe stock candidate added from ETF holding: IVV, ETF holding: VOO, ETF holding: VTI, Nasdaq-100, S&P 500",ETF holding: IVV; ETF holding: VOO; ETF holding: VTI; Nasdaq-100; S&P 500,5
GOOGL,GOOGL,Alphabet Inc. (Class A),Stock,Quality growth,Communication Services,Growth,US,False,False,False,True,True,"Known-universe stock candidate added from ETF holding: IVV, ETF holding: VOO, ETF holding: VTI, Nasdaq-100, S&P 500",ETF holding: IVV; ETF holding: VOO; ETF holding: VTI; Nasdaq-100; S&P 500,5
TSLA,TSLA,"Tesla, Inc.",Stock,Large-cap diversifier,Consumer Discretionary,Blend,US,False,False,False,False,True,"Known-universe stock candidate added from ETF holding: IVV, ETF holding: VOO, ETF holding: VTI, Nasdaq-100, S&P 500",ETF holding: IVV; ETF holding: VOO; ETF holding: VTI; Nasdaq-100; S&P 500,5
CSCO,CSCO,Cisco,Stock,Blue-chip compounder,Information Technology,Quality,US,False,False,False,False,True,"Known-universe stock candidate added from Dow 30, ETF holding: USMV, Nasdaq-100, S&P 500",Dow 30; ETF holding: USMV; Nasdaq-100; S&P 500,4
KO,KO,Coca-Cola Company (The),Stock,Blue-chip compounder,Consumer Staples,Quality,US,False,False,False,False,True,"Known-universe stock candidate added from Dow 30, ETF holding: SCHD, ETF holding: XLP, S&P 500",Dow 30; ETF holding: SCHD; ETF holding: XLP; S&P 500,4
LLY,LLY,Lilly (Eli),Stock,Defensive large-cap,Health Care,Defensive,US,False,True,False,False,True,"Known-universe stock candidate added from ETF holding: QUAL, ETF holding: VIG, ETF holding: XLV, S&P 500",ETF holding: QUAL; ETF holding: VIG; ETF holding: XLV; S&P 500,4
MRK,MRK,Merck & Co.,Stock,Defensive large-cap,Health Care,Defensive,US,False,True,False,False,True,"Known-universe stock candidate added from Dow 30, ETF holding: SCHD, ETF holding: XLV, S&P 500",Dow 30; ETF holding: SCHD; ETF holding: XLV; S&P 500,4
PEP,PEP,PepsiCo,Stock,Large-cap diversifier,Consumer Staples,Blend,US,False,False,False,False,True,"Known-universe stock candidate added from ETF holding: SCHD, ETF holding: XLP, Nasdaq-100, S&P 500",ETF holding: SCHD; ETF holding: XLP; Nasdaq-100; S&P 500,4
V,V,Visa Inc.,Stock,Blue-chip compounder,Financials,Quality,US,False,False,False,False,True,"Known-universe stock candidate added from Dow 30, ETF holding: QUAL, ETF holding: VIG, S&P 500",Dow 30; ETF holding: QUAL; ETF holding: VIG; S&P 500,4
VZ,VZ,Verizon,Stock,Quality growth,Communication Services,Growth,US,False,False,False,True,True,"Known-universe stock candidate added from Dow 30, ETF holding: SCHD, ETF holding: USMV, S&P 500",Dow 30; ETF holding: SCHD; ETF holding: USMV; S&P 500,4
ABT,ABT,Abbott Laboratories,Stock,Defensive large-cap,Health Care,Defensive,US,False,True,False,False,True,"Known-universe stock candidate added from ETF holding: SCHD, ETF holding: XLV, S&P 500",ETF holding: SCHD; ETF holding: XLV; S&P 500,3
AEP,AEP,American Electric Power,Stock,Defensive large-cap,Utilities,Defensive,US,False,True,True,False,True,"Known-universe stock candidate added from ETF holding: XLU, Nasdaq-100, S&P 500",ETF holding: XLU; Nasdaq-100; S&P 500,3
CEG,CEG,Constellation Energy,Stock,Defensive large-cap,Utilities,Defensive,US,False,True,True,False,True,"Known-universe stock candidate added from ETF holding: XLU, Nasdaq-100, S&P 500",ETF holding: XLU; Nasdaq-100; S&P 500,3
CVX,CVX,Chevron Corporation,Stock,Blue-chip compounder,Energy,Quality,US,False,False,False,False,True,"Known-universe stock candidate added from Dow 30, ETF holding: SCHD, S&P 500",Dow 30; ETF holding: SCHD; S&P 500,3
DUK,DUK,Duke Energy,Stock,Defensive large-cap,Utilities,Defensive,US,False,True,True,False,True,"Known-universe stock candidate added from ETF holding: USMV, ETF holding: XLU, S&P 500",ETF holding: USMV; ETF holding: XLU; S&P 500,3
EXC,EXC,Exelon,Stock,Defensive large-cap,Utilities,Defensive,US,False,True,True,False,True,"Known-universe stock candidate added from ETF holding: XLU, Nasdaq-100, S&P 500",ETF holding: XLU; Nasdaq-100; S&P 500,3
GILD,GILD,Gilead Sciences,Stock,Defensive large-cap,Health Care,Defensive,US,False,True,False,False,True,"Known-universe stock candidate added from ETF holding: XLV, Nasdaq-100, S&P 500",ETF holding: XLV; Nasdaq-100; S&P 500,3
HON,HON,Honeywell,Stock,Blue-chip compounder,Industrials,Quality,US,False,False,False,False,True,"Known-universe stock candidate added from Dow 30, Nasdaq-100, S&P 500",Dow 30; Nasdaq-100; S&P 500,3
ISRG,ISRG,Intuitive Surgical,Stock,Defensive large-cap,Health Care,Defensive,US,False,True,False,False,True,"Known-universe stock candidate added from ETF holding: XLV, Nasdaq-100, S&P 500",ETF holding: XLV; Nasdaq-100; S&P 500,3
KLAC,KLAC,KLA Corporation,Stock,Large-cap diversifier,Information Technology,Blend,US,False,False,False,False,True,"Known-universe stock candidate added from ETF holding: QUAL, Nasdaq-100, S&P 500",ETF holding: QUAL; Nasdaq-100; S&P 500,3
LRCX,LRCX,Lam Research,Stock,Large-cap diversifier,Information Technology,Blend,US,False,False,False,False,True,"Known-universe stock candidate added from ETF holding: QUAL, Nasdaq-100, S&P 500",ETF holding: QUAL; Nasdaq-100; S&P 500,3
MDLZ,MDLZ,Mondelez International,Stock,Large-cap diversifier,Consumer Staples,Blend,US,False,False,False,False,True,"Known-universe stock candidate added from ETF holding: XLP, Nasdaq-100, S&P 500",ETF holding: XLP; Nasdaq-100; S&P 500,3
SO,SO,Southern Company,Stock,Defensive large-cap,Utilities,Defensive,US,False,True,True,False,True,"Known-universe stock candidate added from ETF holding: USMV, ETF holding: XLU, S&P 500",ETF holding: USMV; ETF holding: XLU; S&P 500,3
TXN,TXN,Texas Instruments,Stock,Large-cap diversifier,Information Technology,Blend,US,False,False,False,False,True,"Known-universe stock candidate added from ETF holding: SCHD, Nasdaq-100, S&P 500",ETF holding: SCHD; Nasdaq-100; S&P 500,3
UNH,UNH,UnitedHealth Group,Stock,Defensive large-cap,Health Care,Defensive,US,False,True,False,False,True,"Known-universe stock candidate added from Dow 30, ETF holding: XLV, S&P 500",Dow 30; ETF holding: XLV; S&P 500,3
XOM,XOM,ExxonMobil,Stock,Large-cap diversifier,Energy,Blend,US,False,False,False,False,True,"Known-universe stock candidate added from ETF holding: USMV, ETF holding: VIG, S&P 500",ETF holding: USMV; ETF holding: VIG; S&P 500,3
ABBV,ABBV,AbbVie,Stock,Defensive large-cap,Health Care,Defensive,US,False,True,False,False,True,"Known-universe stock candidate added from ETF holding: XLV, S&P 500",ETF holding: XLV; S&P 500,2
ABNB,ABNB,Airbnb,Stock,Large-cap diversifier,Consumer Discretionary,Blend,US,False,False,False,False,True,"Known-universe stock candidate added from Nasdaq-100, S&P 500",Nasdaq-100; S&P 500,2
ADBE,ADBE,Adobe Inc.,Stock,Large-cap diversifier,Information Technology,Blend,US,False,False,False,False,True,"Known-universe stock candidate added from Nasdaq-100, S&P 500",Nasdaq-100; S&P 500,2
ADI,ADI,Analog Devices,Stock,Large-cap diversifier,Information Technology,Blend,US,False,False,False,False,True,"Known-universe stock candidate added from Nasdaq-100, S&P 500",Nasdaq-100; S&P 500,2
ADP,ADP,Automatic Data Processing,Stock,Large-cap diversifier,Industrials,Blend,US,False,False,False,False,True,"Known-universe stock candidate added from Nasdaq-100, S&P 500",Nasdaq-100; S&P 500,2
ADSK,ADSK,Autodesk,Stock,Large-cap diversifier,Information Technology,Blend,US,False,False,False,False,True,"Known-universe stock candidate added from Nasdaq-100, S&P 500",Nasdaq-100; S&P 500,2
AMAT,AMAT,Applied Materials,Stock,Large-cap diversifier,Information Technology,Blend,US,False,False,False,False,True,"Known-universe stock candidate added from Nasdaq-100, S&P 500",Nasdaq-100; S&P 500,2
AMD,AMD,Advanced Micro Devices,Stock,Large-cap diversifier,Information Technology,Blend,US,False,False,False,False,True,"Known-universe stock candidate added from Nasdaq-100, S&P 500",Nasdaq-100; S&P 500,2
APP,APP,AppLovin,Stock,Large-cap diversifier,Information Technology,Blend,US,False,False,False,False,True,"Known-universe stock candidate added from Nasdaq-100, S&P 500",Nasdaq-100; S&P 500,2
AXON,AXON,Axon Enterprise,Stock,Large-cap diversifier,Industrials,Blend,US,False,False,False,False,True,"Known-universe stock candidate added from Nasdaq-100, S&P 500",Nasdaq-100; S&P 500,2
AXP,AXP,American Express,Stock,Blue-chip compounder,Financials,Quality,US,False,False,False,False,True,"Known-universe stock candidate added from Dow 30, S&P 500",Dow 30; S&P 500,2
BA,BA,Boeing,Stock,Blue-chip compounder,Industrials,Quality,US,False,False,False,False,True,"Known-universe stock candidate added from Dow 30, S&P 500",Dow 30; S&P 500,2
BKNG,BKNG,Booking Holdings,Stock,Large-cap diversifier,Consumer Discretionary,Blend,US,False,False,False,False,True,"Known-universe stock candidate added from Nasdaq-100, S&P 500",Nasdaq-100; S&P 500,2
BKR,BKR,Baker Hughes,Stock,Large-cap diversifier,Energy,Blend,US,False,False,False,False,True,"Known-universe stock candidate added from Nasdaq-100, S&P 500",Nasdaq-100; S&P 500,2
CAT,CAT,Caterpillar Inc.,Stock,Blue-chip compounder,Industrials,Quality,US,False,False,False,False,True,"Known-universe stock candidate added from Dow 30, S&P 500",Dow 30; S&P 500,2
CB,CB,Chubb Limited,Stock,Financial quality,Financials,Blend,US,False,False,False,False,True,"Known-universe stock candidate added from ETF holding: USMV, S&P 500",ETF holding: USMV; S&P 500,2
CDNS,CDNS,Cadence Design Systems,Stock,Large-cap diversifier,Information Technology,Blend,US,False,False,False,False,True,"Known-universe stock candidate added from Nasdaq-100, S&P 500",Nasdaq-100; S&P 500,2
CHTR,CHTR,Charter Communications,Stock,Quality growth,Communication Services,Growth,US,False,False,False,True,True,"Known-universe stock candidate added from Nasdaq-100, S&P 500",Nasdaq-100; S&P 500,2
CL,CL,Colgate-Palmolive,Stock,Large-cap diversifier,Consumer Staples,Blend,US,False,False,False,False,True,"Known-universe stock candidate added from ETF holding: XLP, S&P 500",ETF holding: XLP; S&P 500,2
CMCSA,CMCSA,Comcast,Stock,Quality growth,Communication Services,Growth,US,False,False,False,True,True,"Known-universe stock candidate added from Nasdaq-100, S&P 500",Nasdaq-100; S&P 500,2
COP,COP,ConocoPhillips,Stock,Large-cap diversifier,Energy,Blend,US,False,False,False,False,True,"Known-universe stock candidate added from ETF holding: SCHD, S&P 500",ETF holding: SCHD; S&P 500,2
CPRT,CPRT,Copart,Stock,Large-cap diversifier,Industrials,Blend,US,False,False,False,False,True,"Known-universe stock candidate added from Nasdaq-100, S&P 500",Nasdaq-100; S&P 500,2
CRM,CRM,Salesforce,Stock,Blue-chip compounder,Information Technology,Quality,US,False,False,False,False,True,"Known-universe stock candidate added from Dow 30, S&P 500",Dow 30; S&P 500,2
CRWD,CRWD,CrowdStrike,Stock,Large-cap diversifier,Information Technology,Blend,US,False,False,False,False,True,"Known-universe stock candidate added from Nasdaq-100, S&P 500",Nasdaq-100; S&P 500,2
CSGP,CSGP,CoStar Group,Stock,Large-cap diversifier,Real Estate,Blend,US,False,False,True,False,True,"Known-universe stock candidate added from Nasdaq-100, S&P 500",Nasdaq-100; S&P 500,2
CSX,CSX,CSX Corporation,Stock,Large-cap diversifier,Industrials,Blend,US,False,False,False,False,True,"Known-universe stock candidate added from Nasdaq-100, S&P 500",Nasdaq-100; S&P 500,2
CTAS,CTAS,Cintas,Stock,Large-cap diversifier,Industrials,Blend,US,False,False,False,False,True,"Known-universe stock candidate added from Nasdaq-100, S&P 500",Nasdaq-100; S&P 500,2
CTSH,CTSH,Cognizant,Stock,Large-cap diversifier,Information Technology,Blend,US,False,False,False,False,True,"Known-universe stock candidate added from Nasdaq-100, S&P 500",Nasdaq-100; S&P 500,2
D,D,Dominion Energy,Stock,Defensive large-cap,Utilities,Defensive,US,False,True,True,False,True,"Known-universe stock candidate added from ETF holding: XLU, S&P 500",ETF holding: XLU; S&P 500,2
DASH,DASH,DoorDash,Stock,Large-cap diversifier,Consumer Discretionary,Blend,US,False,False,False,False,True,"Known-universe stock candidate added from Nasdaq-100, S&P 500",Nasdaq-100; S&P 500,2
DDOG,DDOG,Datadog,Stock,Large-cap diversifier,Information Technology,Blend,US,False,False,False,False,True,"Known-universe stock candidate added from Nasdaq-100, S&P 500",Nasdaq-100; S&P 500,2
DIS,DIS,Walt Disney Company (The),Stock,Quality growth,Communication Services,Growth,US,False,False,False,True,True,"Known-universe stock candidate added from Dow 30, S&P 500",Dow 30; S&P 500,2
DXCM,DXCM,Dexcom,Stock,Defensive large-cap,Health Care,Defensive,US,False,True,False,False,True,"Known-universe stock candidate added from Nasdaq-100, S&P 500",Nasdaq-100; S&P 500,2
EA,EA,Electronic Arts,Stock,Quality growth,Communication Services,Growth,US,False,False,False,True,True,"Known-universe stock candidate added from Nasdaq-100, S&P 500",Nasdaq-100; S&P 500,2
ETR,ETR,Entergy,Stock,Defensive large-cap,Utilities,Defensive,US,False,True,True,False,True,"Known-universe stock candidate added from ETF holding: XLU, S&P 500",ETF holding: XLU; S&P 500,2
FANG,FANG,Diamondback Energy,Stock,Large-cap diversifier,Energy,Blend,US,False,False,False,False,True,"Known-universe stock candidate added from Nasdaq-100, S&P 500",Nasdaq-100; S&P 500,2
FAST,FAST,Fastenal,Stock,Large-cap diversifier,Industrials,Blend,US,False,False,False,False,True,"Known-universe stock candidate added from Nasdaq-100, S&P 500",Nasdaq-100; S&P 500,2
FTNT,FTNT,Fortinet,Stock,Large-cap diversifier,Information Technology,Blend,US,False,False,False,False,True,"Known-universe stock candidate added from Nasdaq-100, S&P 500",Nasdaq-100; S&P 500,2
GEHC,GEHC,GE HealthCare,Stock,Defensive large-cap,Health Care,Defensive,US,False,True,False,False,True,"Known-universe stock candidate added from Nasdaq-100, S&P 500",Nasdaq-100; S&P 500,2
GS,GS,Goldman Sachs,Stock,Blue-chip compounder,Financials,Quality,US,False,False,False,False,True,"Known-universe stock candidate added from Dow 30, S&P 500",Dow 30; S&P 500,2
HD,HD,Home Depot (The),Stock,Blue-chip compounder,Consumer Discretionary,Quality,US,False,False,False,False,True,"Known-universe stock candidate added from Dow 30, S&P 500",Dow 30; S&P 500,2
IBM,IBM,IBM,Stock,Blue-chip compounder,Information Technology,Quality,US,False,False,False,False,True,"Known-universe stock candidate added from Dow 30, S&P 500",Dow 30; S&P 500,2
IDXX,IDXX,Idexx Laboratories,Stock,Defensive large-cap,Health Care,Defensive,US,False,True,False,False,True,"Known-universe stock candidate added from Nasdaq-100, S&P 500",Nasdaq-100; S&P 500,2
INTC,INTC,Intel,Stock,Large-cap diversifier,Information Technology,Blend,US,False,False,False,False,True,"Known-universe stock candidate added from Nasdaq-100, S&P 500",Nasdaq-100; S&P 500,2
INTU,INTU,Intuit,Stock,Large-cap diversifier,Information Technology,Blend,US,False,False,False,False,True,"Known-universe stock candidate added from Nasdaq-100, S&P 500",Nasdaq-100; S&P 500,2
KDP,KDP,Keurig Dr Pepper,Stock,Large-cap diversifier,Consumer Staples,Blend,US,False,False,False,False,True,"Known-universe stock candidate added from Nasdaq-100, S&P 500",Nasdaq-100; S&P 500,2
KHC,KHC,Kraft Heinz,Stock,Large-cap diversifier,Consumer Staples,Blend,US,False,False,False,False,True,"Known-universe stock candidate added from Nasdaq-100, S&P 500",Nasdaq-100; S&P 500,2
LIN,LIN,Linde plc,Stock,Large-cap diversifier,Materials,Blend,US,False,False,False,False,True,"Known-universe stock candidate added from Nasdaq-100, S&P 500",Nasdaq-100; S&P 500,2
MA,MA,Mastercard,Stock,Financial quality,Financials,Blend,US,False,False,False,False,True,"Known-universe stock candidate added from ETF holding: QUAL, S&P 500",ETF holding: QUAL; S&P 500,2
MAR,MAR,Marriott International,Stock,Large-cap diversifier,Consumer Discretionary,Blend,US,False,False,False,False,True,"Known-universe stock candidate added from Nasdaq-100, S&P 500",Nasdaq-100; S&P 500,2
MCD,MCD,McDonald's,Stock,Blue-chip compounder,Consumer Discretionary,Quality,US,False,False,False,False,True,"Known-universe stock candidate added from Dow 30, S&P 500",Dow 30; S&P 500,2
MCHP,MCHP,Microchip Technology,Stock,Large-cap diversifier,Information Technology,Blend,US,False,False,False,False,True,"Known-universe stock candidate added from Nasdaq-100, S&P 500",Nasdaq-100; S&P 500,2
MMM,MMM,3M,Stock,Blue-chip compounder,Industrials,Quality,US,False,False,False,False,True,"Known-universe stock candidate added from Dow 30, S&P 500",Dow 30; S&P 500,2
MNST,MNST,Monster Beverage,Stock,Large-cap diversifier,Consumer Staples,Blend,US,False,False,False,False,True,"Known-universe stock candidate added from Nasdaq-100, S&P 500",Nasdaq-100; S&P 500,2
MO,MO,Altria,Stock,Large-cap diversifier,Consumer Staples,Blend,US,False,False,False,False,True,"Known-universe stock candidate added from ETF holding: XLP, S&P 500",ETF holding: XLP; S&P 500,2
MPWR,MPWR,Monolithic Power Systems,Stock,Large-cap diversifier,Information Technology,Blend,US,False,False,False,False,True,"Known-universe stock candidate added from Nasdaq-100, S&P 500",Nasdaq-100; S&P 500,2
MSI,MSI,Motorola Solutions,Stock,Large-cap diversifier,Information Technology,Blend,US,False,False,False,False,True,"Known-universe stock candidate added from ETF holding: USMV, S&P 500",ETF holding: USMV; S&P 500,2
MU,MU,Micron Technology,Stock,Large-cap diversifier,Information Technology,Blend,US,False,False,False,False,True,"Known-universe stock candidate added from Nasdaq-100, S&P 500",Nasdaq-100; S&P 500,2
NEE,NEE,NextEra Energy,Stock,Defensive large-cap,Utilities,Defensive,US,False,True,True,False,True,"Known-universe stock candidate added from ETF holding: XLU, S&P 500",ETF holding: XLU; S&P 500,2
NFLX,NFLX,Netflix,Stock,Quality growth,Communication Services,Growth,US,False,False,False,True,True,"Known-universe stock candidate added from Nasdaq-100, S&P 500",Nasdaq-100; S&P 500,2
NKE,NKE,"Nike, Inc.",Stock,Blue-chip compounder,Consumer Discretionary,Quality,US,False,False,False,False,True,"Known-universe stock candidate added from Dow 30, S&P 500",Dow 30; S&P 500,2
NXPI,NXPI,NXP Semiconductors,Stock,Large-cap diversifier,Information Technology,Blend,US,False,False,False,False,True,"Known-universe stock candidate added from Nasdaq-100, S&P 500",Nasdaq-100; S&P 500,2
ODFL,ODFL,Old Dominion,Stock,Large-cap diversifier,Industrials,Blend,US,False,False,False,False,True,"Known-universe stock candidate added from Nasdaq-100, S&P 500",Nasdaq-100; S&P 500,2
ORLY,ORLY,O’Reilly Automotive,Stock,Large-cap diversifier,Consumer Discretionary,Blend,US,False,False,False,False,True,"Known-universe stock candidate added from Nasdaq-100, S&P 500",Nasdaq-100; S&P 500,2
PANW,PANW,Palo Alto Networks,Stock,Large-cap diversifier,Information Technology,Blend,US,False,False,False,False,True,"Known-universe stock candidate added from Nasdaq-100, S&P 500",Nasdaq-100; S&P 500,2
PAYX,PAYX,Paychex,Stock,Large-cap diversifier,Industrials,Blend,US,False,False,False,False,True,"Known-universe stock candidate added from Nasdaq-100, S&P 500",Nasdaq-100; S&P 500,2
PCAR,PCAR,Paccar,Stock,Large-cap diversifier,Industrials,Blend,US,False,False,False,False,True,"Known-universe stock candidate added from Nasdaq-100, S&P 500",Nasdaq-100; S&P 500,2
PLTR,PLTR,Palantir Technologies,Stock,Large-cap diversifier,Information Technology,Blend,US,False,False,False,False,True,"Known-universe stock candidate added from Nasdaq-100, S&P 500",Nasdaq-100; S&P 500,2
PM,PM,Philip Morris International,Stock,Large-cap diversifier,Consumer Staples,Blend,US,False,False,False,False,True,"Known-universe stock candidate added from ETF holding: XLP, S&P 500",ETF holding: XLP; S&P 500,2
PYPL,PYPL,PayPal,Stock,Financial quality,Financials,Blend,US,False,False,False,False,True,"Known-universe stock candidate added from Nasdaq-100, S&P 500",Nasdaq-100; S&P 500,2
QCOM,QCOM,Qualcomm,Stock,Large-cap diversifier,Information Technology,Blend,US,False,False,False,False,True,"Known-universe stock candidate added from Nasdaq-100, S&P 500",Nasdaq-100; S&P 500,2
REGN,REGN,Regeneron Pharmaceuticals,Stock,Defensive large-cap,Health Care,Defensive,US,False,True,False,False,True,"Known-universe stock candidate added from Nasdaq-100, S&P 500",Nasdaq-100; S&P 500,2
ROP,ROP,Roper Technologies,Stock,Large-cap diversifier,Information Technology,Blend,US,False,False,False,False,True,"Known-universe stock candidate added from Nasdaq-100, S&P 500",Nasdaq-100; S&P 500,2
ROST,ROST,Ross Stores,Stock,Large-cap diversifier,Consumer Discretionary,Blend,US,False,False,False,False,True,"Known-universe stock candidate added from Nasdaq-100, S&P 500",Nasdaq-100; S&P 500,2
SBUX,SBUX,Starbucks,Stock,Large-cap diversifier,Consumer Discretionary,Blend,US,False,False,False,False,True,"Known-universe stock candidate added from Nasdaq-100, S&P 500",Nasdaq-100; S&P 500,2
SHW,SHW,Sherwin-Williams,Stock,Blue-chip compounder,Materials,Quality,US,False,False,False,False,True,"Known-universe stock candidate added from Dow 30, S&P 500",Dow 30; S&P 500,2
SNDK,SNDK,Sandisk,Stock,Large-cap diversifier,Information Technology,Blend,US,False,False,False,False,True,"Known-universe stock candidate added from Nasdaq-100, S&P 500",Nasdaq-100; S&P 500,2
SNPS,SNPS,Synopsys,Stock,Large-cap diversifier,Information Technology,Blend,US,False,False,False,False,True,"Known-universe stock candidate added from Nasdaq-100, S&P 500",Nasdaq-100; S&P 500,2
SRE,SRE,Sempra,Stock,Defensive large-cap,Utilities,Defensive,US,False,True,True,False,True,"Known-universe stock candidate added from ETF holding: XLU, S&P 500",ETF holding: XLU; S&P 500,2
STX,STX,Seagate Technology,Stock,Large-cap diversifier,Information Technology,Blend,US,False,False,False,False,True,"Known-universe stock candidate added from Nasdaq-100, S&P 500",Nasdaq-100; S&P 500,2
TGT,TGT,Target Corporation,Stock,Large-cap diversifier,Consumer Staples,Blend,US,False,False,False,False,True,"Known-universe stock candidate added from ETF holding: XLP, S&P 500",ETF holding: XLP; S&P 500,2
TJX,TJX,TJX Companies,Stock,Large-cap diversifier,Consumer Discretionary,Blend,US,False,False,False,False,True,"Known-universe stock candidate added from ETF holding: QUAL, S&P 500",ETF holding: QUAL; S&P 500,2
TMO,TMO,Thermo Fisher Scientific,Stock,Defensive large-cap,Health Care,Defensive,US,False,True,False,False,True,"Known-universe stock candidate added from ETF holding: XLV, S&P 500",ETF holding: XLV; S&P 500,2
TMUS,TMUS,T-Mobile US,Stock,Quality growth,Communication Services,Growth,US,False,False,False,True,True,"Known-universe stock candidate added from Nasdaq-100, S&P 500",Nasdaq-100; S&P 500,2
TRV,TRV,Travelers Companies (The),Stock,Blue-chip compounder,Financials,Quality,US,False,False,False,False,True,"Known-universe stock candidate added from Dow 30, S&P 500",Dow 30; S&P 500,2
TTWO,TTWO,Take-Two Interactive,Stock,Quality growth,Communication Services,Growth,US,False,False,False,True,True,"Known-universe stock candidate added from Nasdaq-100, S&P 500",Nasdaq-100; S&P 500,2
VRSK,VRSK,Verisk Analytics,Stock,Large-cap diversifier,Industrials,Blend,US,False,False,False,False,True,"Known-universe stock candidate added from Nasdaq-100, S&P 500",Nasdaq-100; S&P 500,2
VRTX,VRTX,Vertex Pharmaceuticals,Stock,Defensive large-cap,Health Care,Defensive,US,False,True,False,False,True,"Known-universe stock candidate added from Nasdaq-100, S&P 500",Nasdaq-100; S&P 500,2
VST,VST,Vistra Corp.,Stock,Defensive large-cap,Utilities,Defensive,US,False,True,True,False,True,"Known-universe stock candidate added from ETF holding: XLU, S&P 500",ETF holding: XLU; S&P 500,2
WBD,WBD,Warner Bros. Discovery,Stock,Quality growth,Communication Services,Growth,US,False,False,False,True,True,"Known-universe stock candidate added from Nasdaq-100, S&P 500",Nasdaq-100; S&P 500,2
WDAY,WDAY,"Workday, Inc.",Stock,Large-cap diversifier,Information Technology,Blend,US,False,False,False,False,True,"Known-universe stock candidate added from Nasdaq-100, S&P 500",Nasdaq-100; S&P 500,2
WDC,WDC,Western Digital,Stock,Large-cap diversifier,Information Technology,Blend,US,False,False,False,False,True,"Known-universe stock candidate added from Nasdaq-100, S&P 500",Nasdaq-100; S&P 500,2
WM,WM,Waste Management,Stock,Large-cap diversifier,Industrials,Blend,US,False,False,False,False,True,"Known-universe stock candidate added from ETF holding: USMV, S&P 500",ETF holding: USMV; S&P 500,2
XEL,XEL,Xcel Energy,Stock,Defensive large-cap,Utilities,Defensive,US,False,True,True,False,True,"Known-universe stock candidate added from Nasdaq-100, S&P 500",Nasdaq-100; S&P 500,2
A,A,Agilent Technologies,Stock,Defensive large-cap,Health Care,Defensive,US,False,True,False,False,True,Known-universe stock candidate added from S&P 500,S&P 500,1
ACGL,ACGL,Arch Capital Group,Stock,Financial quality,Financials,Blend,US,False,False,False,False,True,Known-universe stock candidate added from S&P 500,S&P 500,1
ACN,ACN,Accenture,Stock,Large-cap diversifier,Information Technology,Blend,US,False,False,False,False,True,Known-universe stock candidate added from S&P 500,S&P 500,1
ADM,ADM,Archer Daniels Midland,Stock,Large-cap diversifier,Consumer Staples,Blend,US,False,False,False,False,True,Known-universe stock candidate added from S&P 500,S&P 500,1
AEE,AEE,Ameren,Stock,Defensive large-cap,Utilities,Defensive,US,False,True,True,False,True,Known-universe stock candidate added from S&P 500,S&P 500,1
AES,AES,AES Corporation,Stock,Defensive large-cap,Utilities,Defensive,US,False,True,True,False,True,Known-universe stock candidate added from S&P 500,S&P 500,1
AFL,AFL,Aflac,Stock,Financial quality,Financials,Blend,US,False,False,False,False,True,Known-universe stock candidate added from S&P 500,S&P 500,1
AIG,AIG,American International Group,Stock,Financial quality,Financials,Blend,US,False,False,False,False,True,Known-universe stock candidate added from S&P 500,S&P 500,1
AIZ,AIZ,Assurant,Stock,Financial quality,Financials,Blend,US,False,False,False,False,True,Known-universe stock candidate added from S&P 500,S&P 500,1
AJG,AJG,Arthur J. Gallagher & Co.,Stock,Financial quality,Financials,Blend,US,False,False,False,False,True,Known-universe stock candidate added from S&P 500,S&P 500,1
AKAM,AKAM,Akamai Technologies,Stock,Large-cap diversifier,Information Technology,Blend,US,False,False,False,False,True,Known-universe stock candidate added from S&P 500,S&P 500,1
ALB,ALB,Albemarle Corporation,Stock,Large-cap diversifier,Materials,Blend,US,False,False,False,False,True,Known-universe stock candidate added from S&P 500,S&P 500,1
ALGN,ALGN,Align Technology,Stock,Defensive large-cap,Health Care,Defensive,US,False,True,False,False,True,Known-universe stock candidate added from S&P 500,S&P 500,1
ALL,ALL,Allstate,Stock,Financial quality,Financials,Blend,US,False,False,False,False,True,Known-universe stock candidate added from S&P 500,S&P 500,1
ALLE,ALLE,Allegion,Stock,Large-cap diversifier,Industrials,Blend,US,False,False,False,False,True,Known-universe stock candidate added from S&P 500,S&P 500,1
ALNY,ALNY,Alnylam Pharmaceuticals,Stock,Defensive large-cap,Health Care,Defensive,US,False,True,False,False,True,Known-universe stock candidate added from Nasdaq-100,Nasdaq-100,1
AMCR,AMCR,Amcor,Stock,Large-cap diversifier,Materials,Blend,US,False,False,False,False,True,Known-universe stock candidate added from S&P 500,S&P 500,1
AME,AME,Ametek,Stock,Large-cap diversifier,Industrials,Blend,US,False,False,False,False,True,Known-universe stock candidate added from S&P 500,S&P 500,1
AMP,AMP,Ameriprise Financial,Stock,Financial quality,Financials,Blend,US,False,False,False,False,True,Known-universe stock candidate added from S&P 500,S&P 500,1
AMT,AMT,American Tower,Stock,Large-cap diversifier,Real Estate,Blend,US,False,False,True,False,True,Known-universe stock candidate added from S&P 500,S&P 500,1
ANET,ANET,Arista Networks,Stock,Large-cap diversifier,Information Technology,Blend,US,False,False,False,False,True,Known-universe stock candidate added from S&P 500,S&P 500,1
AON,AON,Aon plc,Stock,Financial quality,Financials,Blend,US,False,False,False,False,True,Known-universe stock candidate added from S&P 500,S&P 500,1
AOS,AOS,A. O. Smith,Stock,Large-cap diversifier,Industrials,Blend,US,False,False,False,False,True,Known-universe stock candidate added from S&P 500,S&P 500,1
APA,APA,APA Corporation,Stock,Large-cap diversifier,Energy,Blend,US,False,False,False,False,True,Known-universe stock candidate added from S&P 500,S&P 500,1
APD,APD,Air Products,Stock,Large-cap diversifier,Materials,Blend,US,False,False,False,False,True,Known-universe stock candidate added from S&P 500,S&P 500,1
APH,APH,Amphenol,Stock,Large-cap diversifier,Information Technology,Blend,US,False,False,False,False,True,Known-universe stock candidate added from S&P 500,S&P 500,1
APO,APO,Apollo Global Management,Stock,Financial quality,Financials,Blend,US,False,False,False,False,True,Known-universe stock candidate added from S&P 500,S&P 500,1
APTV,APTV,Aptiv,Stock,Large-cap diversifier,Consumer Discretionary,Blend,US,False,False,False,False,True,Known-universe stock candidate added from S&P 500,S&P 500,1
ARE,ARE,Alexandria Real Estate Equities,Stock,Large-cap diversifier,Real Estate,Blend,US,False,False,True,False,True,Known-universe stock candidate added from S&P 500,S&P 500,1
ARES,ARES,Ares Management,Stock,Financial quality,Financials,Blend,US,False,False,False,False,True,Known-universe stock candidate added from S&P 500,S&P 500,1
ARM,ARM,Arm Holdings,Stock,Quality growth,Technology,Growth,US,False,False,False,True,True,Known-universe stock candidate added from Nasdaq-100,Nasdaq-100,1
ASML,ASML,ASML Holding,Stock,Quality growth,Technology,Growth,US,False,False,False,True,True,Known-universe stock candidate added from Nasdaq-100,Nasdaq-100,1
ATO,ATO,Atmos Energy,Stock,Defensive large-cap,Utilities,Defensive,US,False,True,True,False,True,Known-universe stock candidate added from S&P 500,S&P 500,1
AVB,AVB,AvalonBay Communities,Stock,Large-cap diversifier,Real Estate,Blend,US,False,False,True,False,True,Known-universe stock candidate added from S&P 500,S&P 500,1
AVY,AVY,Avery Dennison,Stock,Large-cap diversifier,Materials,Blend,US,False,False,False,False,True,Known-universe stock candidate added from S&P 500,S&P 500,1
AWK,AWK,American Water Works,Stock,Defensive large-cap,Utilities,Defensive,US,False,True,True,False,True,Known-universe stock candidate added from S&P 500,S&P 500,1
AZO,AZO,AutoZone,Stock,Large-cap diversifier,Consumer Discretionary,Blend,US,False,False,False,False,True,Known-universe stock candidate added from S&P 500,S&P 500,1
BAC,BAC,Bank of America,Stock,Financial quality,Financials,Blend,US,False,False,False,False,True,Known-universe stock candidate added from S&P 500,S&P 500,1
BALL,BALL,Ball Corporation,Stock,Large-cap diversifier,Materials,Blend,US,False,False,False,False,True,Known-universe stock candidate added from S&P 500,S&P 500,1
BAX,BAX,Baxter International,Stock,Defensive large-cap,Health Care,Defensive,US,False,True,False,False,True,Known-universe stock candidate added from S&P 500,S&P 500,1
BBY,BBY,Best Buy,Stock,Large-cap diversifier,Consumer Discretionary,Blend,US,False,False,False,False,True,Known-universe stock candidate added from S&P 500,S&P 500,1
BDX,BDX,Becton Dickinson,Stock,Defensive large-cap,Health Care,Defensive,US,False,True,False,False,True,Known-universe stock candidate added from S&P 500,S&P 500,1
BEN,BEN,Franklin Resources,Stock,Financial quality,Financials,Blend,US,False,False,False,False,True,Known-universe stock candidate added from S&P 500,S&P 500,1
BF.B,BF-B,Brown–Forman,Stock,Large-cap diversifier,Consumer Staples,Blend,US,False,False,False,False,True,Known-universe stock candidate added from S&P 500,S&P 500,1
BG,BG,Bunge Global,Stock,Large-cap diversifier,Consumer Staples,Blend,US,False,False,False,False,True,Known-universe stock candidate added from S&P 500,S&P 500,1
BIIB,BIIB,Biogen,Stock,Defensive large-cap,Health Care,Defensive,US,False,True,False,False,True,Known-universe stock candidate added from S&P 500,S&P 500,1
BK,BK,BNY Mellon,Stock,Financial quality,Financials,Blend,US,False,False,False,False,True,Known-universe stock candidate added from S&P 500,S&P 500,1
BLDR,BLDR,Builders FirstSource,Stock,Large-cap diversifier,Industrials,Blend,US,False,False,False,False,True,Known-universe stock candidate added from S&P 500,S&P 500,1
BLK,BLK,BlackRock,Stock,Financial quality,Financials,Blend,US,False,False,False,False,True,Known-universe stock candidate added from S&P 500,S&P 500,1
BMY,BMY,Bristol Myers Squibb,Stock,Defensive large-cap,Health Care,Defensive,US,False,True,False,False,True,Known-universe stock candidate added from S&P 500,S&P 500,1
BR,BR,Broadridge Financial Solutions,Stock,Large-cap diversifier,Industrials,Blend,US,False,False,False,False,True,Known-universe stock candidate added from S&P 500,S&P 500,1
BRK.B,BRK-B,Berkshire Hathaway Inc. Class B,Stock,Quality compounder,Financial Services,Quality,US,False,False,False,False,True,Large diversified quality compounder,Curated stock list,1
BRO,BRO,Brown & Brown,Stock,Financial quality,Financials,Blend,US,False,False,False,False,True,Known-universe stock candidate added from S&P 500,S&P 500,1
BSX,BSX,Boston Scientific,Stock,Defensive large-cap,Health Care,Defensive,US,False,True,False,False,True,Known-universe stock candidate added from S&P 500,S&P 500,1
BX,BX,Blackstone Inc.,Stock,Financial quality,Financials,Blend,US,False,False,False,False,True,Known-universe stock candidate added from S&P 500,S&P 500,1
BXP,BXP,"BXP, Inc.",Stock,Large-cap diversifier,Real Estate,Blend,US,False,False,True,False,True,Known-universe stock candidate added from S&P 500,S&P 500,1
C,C,Citigroup,Stock,Financial quality,Financials,Blend,US,False,False,False,False,True,Known-universe stock candidate added from S&P 500,S&P 500,1
CAG,CAG,Conagra Brands,Stock,Large-cap diversifier,Consumer Staples,Blend,US,False,False,False,False,True,Known-universe stock candidate added from S&P 500,S&P 500,1
CAH,CAH,Cardinal Health,Stock,Defensive large-cap,Health Care,Defensive,US,False,True,False,False,True,Known-universe stock candidate added from S&P 500,S&P 500,1
CARR,CARR,Carrier Global,Stock,Large-cap diversifier,Industrials,Blend,US,False,False,False,False,True,Known-universe stock candidate added from S&P 500,S&P 500,1
CASY,CASY,Casey's,Stock,Large-cap diversifier,Consumer Staples,Blend,US,False,False,False,False,True,Known-universe stock candidate added from S&P 500,S&P 500,1
CBOE,CBOE,Cboe Global Markets,Stock,Financial quality,Financials,Blend,US,False,False,False,False,True,Known-universe stock candidate added from S&P 500,S&P 500,1
CBRE,CBRE,CBRE Group,Stock,Large-cap diversifier,Real Estate,Blend,US,False,False,True,False,True,Known-universe stock candidate added from S&P 500,S&P 500,1
CCEP,CCEP,Coca-Cola Europacific Partners,Stock,Large-cap diversifier,Consumer Staples,Blend,US,False,False,False,False,True,Known-universe stock candidate added from Nasdaq-100,Nasdaq-100,1
CCI,CCI,Crown Castle,Stock,Large-cap diversifier,Real Estate,Blend,US,False,False,True,False,True,Known-universe stock candidate added from S&P 500,S&P 500,1
CCL,CCL,Carnival,Stock,Large-cap diversifier,Consumer Discretionary,Blend,US,False,False,False,False,True,Known-universe stock candidate added from S&P 500,S&P 500,1
CDW,CDW,CDW Corporation,Stock,Large-cap diversifier,Information Technology,Blend,US,False,False,False,False,True,Known-universe stock candidate added from S&P 500,S&P 500,1
CF,CF,CF Industries,Stock,Large-cap diversifier,Materials,Blend,US,False,False,False,False,True,Known-universe stock candidate added from S&P 500,S&P 500,1
CFG,CFG,Citizens Financial Group,Stock,Financial quality,Financials,Blend,US,False,False,False,False,True,Known-universe stock candidate added from S&P 500,S&P 500,1
CHD,CHD,Church & Dwight,Stock,Large-cap diversifier,Consumer Staples,Blend,US,False,False,False,False,True,Known-universe stock candidate added from S&P 500,S&P 500,1
CHRW,CHRW,C.H. Robinson,Stock,Large-cap diversifier,Industrials,Blend,US,False,False,False,False,True,Known-universe stock candidate added from S&P 500,S&P 500,1
CI,CI,Cigna,Stock,Defensive large-cap,Health Care,Defensive,US,False,True,False,False,True,Known-universe stock candidate added from S&P 500,S&P 500,1
CIEN,CIEN,Ciena,Stock,Large-cap diversifier,Information Technology,Blend,US,False,False,False,False,True,Known-universe stock candidate added from S&P 500,S&P 500,1
CINF,CINF,Cincinnati Financial,Stock,Financial quality,Financials,Blend,US,False,False,False,False,True,Known-universe stock candidate added from S&P 500,S&P 500,1
CLX,CLX,Clorox,Stock,Large-cap diversifier,Consumer Staples,Blend,US,False,False,False,False,True,Known-universe stock candidate added from S&P 500,S&P 500,1
CME,CME,CME Group,Stock,Financial quality,Financials,Blend,US,False,False,False,False,True,Known-universe stock candidate added from S&P 500,S&P 500,1
CMG,CMG,Chipotle Mexican Grill,Stock,Large-cap diversifier,Consumer Discretionary,Blend,US,False,False,False,False,True,Known-universe stock candidate added from S&P 500,S&P 500,1
CMI,CMI,Cummins,Stock,Large-cap diversifier,Industrials,Blend,US,False,False,False,False,True,Known-universe stock candidate added from S&P 500,S&P 500,1
CMS,CMS,CMS Energy,Stock,Defensive large-cap,Utilities,Defensive,US,False,True,True,False,True,Known-universe stock candidate added from S&P 500,S&P 500,1
CNC,CNC,Centene Corporation,Stock,Defensive large-cap,Health Care,Defensive,US,False,True,False,False,True,Known-universe stock candidate added from S&P 500,S&P 500,1
CNP,CNP,CenterPoint Energy,Stock,Defensive large-cap,Utilities,Defensive,US,False,True,True,False,True,Known-universe stock candidate added from S&P 500,S&P 500,1
COF,COF,Capital One,Stock,Financial quality,Financials,Blend,US,False,False,False,False,True,Known-universe stock candidate added from S&P 500,S&P 500,1
COHR,COHR,Coherent Corp.,Stock,Large-cap diversifier,Information Technology,Blend,US,False,False,False,False,True,Known-universe stock candidate added from S&P 500,S&P 500,1
COIN,COIN,Coinbase,Stock,Financial quality,Financials,Blend,US,False,False,False,False,True,Known-universe stock candidate added from S&P 500,S&P 500,1
COO,COO,Cooper Companies (The),Stock,Defensive large-cap,Health Care,Defensive,US,False,True,False,False,True,Known-universe stock candidate added from S&P 500,S&P 500,1
COR,COR,Cencora,Stock,Defensive large-cap,Health Care,Defensive,US,False,True,False,False,True,Known-universe stock candidate added from S&P 500,S&P 500,1
COST,COST,Costco Wholesale Corporation,Stock,Resilient quality,Consumer Defensive,Quality,US,False,True,False,False,True,Resilient consumer franchise with strong membership model,Curated stock list,1
CPAY,CPAY,Corpay,Stock,Financial quality,Financials,Blend,US,False,False,False,False,True,Known-universe stock candidate added from S&P 500,S&P 500,1
CPB,CPB,Campbell's Company (The),Stock,Large-cap diversifier,Consumer Staples,Blend,US,False,False,False,False,True,Known-universe stock candidate added from S&P 500,S&P 500,1
CPT,CPT,Camden Property Trust,Stock,Large-cap diversifier,Real Estate,Blend,US,False,False,True,False,True,Known-universe stock candidate added from S&P 500,S&P 500,1
CRH,CRH,CRH plc,Stock,Large-cap diversifier,Materials,Blend,US,False,False,False,False,True,Known-universe stock candidate added from S&P 500,S&P 500,1
CRL,CRL,Charles River Laboratories,Stock,Defensive large-cap,Health Care,Defensive,US,False,True,False,False,True,Known-universe stock candidate added from S&P 500,S&P 500,1
CTRA,CTRA,Coterra,Stock,Large-cap diversifier,Energy,Blend,US,False,False,False,False,True,Known-universe stock candidate added from S&P 500,S&P 500,1
CTVA,CTVA,Corteva,Stock,Large-cap diversifier,Materials,Blend,US,False,False,False,False,True,Known-universe stock candidate added from S&P 500,S&P 500,1
CVNA,CVNA,Carvana,Stock,Large-cap diversifier,Consumer Discretionary,Blend,US,False,False,False,False,True,Known-universe stock candidate added from S&P 500,S&P 500,1
CVS,CVS,CVS Health,Stock,Defensive large-cap,Health Care,Defensive,US,False,True,False,False,True,Known-universe stock candidate added from S&P 500,S&P 500,1
DAL,DAL,Delta Air Lines,Stock,Large-cap diversifier,Industrials,Blend,US,False,False,False,False,True,Known-universe stock candidate added from S&P 500,S&P 500,1
DD,DD,DuPont,Stock,Large-cap diversifier,Materials,Blend,US,False,False,False,False,True,Known-universe stock candidate added from S&P 500,S&P 500,1
DE,DE,Deere & Company,Stock,Large-cap diversifier,Industrials,Blend,US,False,False,False,False,True,Known-universe stock candidate added from S&P 500,S&P 500,1
DECK,DECK,Deckers Brands,Stock,Large-cap diversifier,Consumer Discretionary,Blend,US,False,False,False,False,True,Known-universe stock candidate added from S&P 500,S&P 500,1
DELL,DELL,Dell Technologies,Stock,Large-cap diversifier,Information Technology,Blend,US,False,False,False,False,True,Known-universe stock candidate added from S&P 500,S&P 500,1
DG,DG,Dollar General,Stock,Large-cap diversifier,Consumer Staples,Blend,US,False,False,False,False,True,Known-universe stock candidate added from S&P 500,S&P 500,1
DGX,DGX,Quest Diagnostics,Stock,Defensive large-cap,Health Care,Defensive,US,False,True,False,False,True,Known-universe stock candidate added from S&P 500,S&P 500,1
DHI,DHI,D. R. Horton,Stock,Large-cap diversifier,Consumer Discretionary,Blend,US,False,False,False,False,True,Known-universe stock candidate added from S&P 500,S&P 500,1
DHR,DHR,Danaher Corporation,Stock,Defensive large-cap,Health Care,Defensive,US,False,True,False,False,True,Known-universe stock candidate added from S&P 500,S&P 500,1
DLR,DLR,Digital Realty,Stock,Large-cap diversifier,Real Estate,Blend,US,False,False,True,False,True,Known-universe stock candidate added from S&P 500,S&P 500,1
DLTR,DLTR,Dollar Tree,Stock,Large-cap diversifier,Consumer Staples,Blend,US,False,False,False,False,True,Known-universe stock candidate added from S&P 500,S&P 500,1
DOC,DOC,Healthpeak Properties,Stock,Large-cap diversifier,Real Estate,Blend,US,False,False,True,False,True,Known-universe stock candidate added from S&P 500,S&P 500,1
DOV,DOV,Dover Corporation,Stock,Large-cap diversifier,Industrials,Blend,US,False,False,False,False,True,Known-universe stock candidate added from S&P 500,S&P 500,1
DOW,DOW,Dow Inc.,Stock,Large-cap diversifier,Materials,Blend,US,False,False,False,False,True,Known-universe stock candidate added from S&P 500,S&P 500,1
DPZ,DPZ,Domino's,Stock,Large-cap diversifier,Consumer Discretionary,Blend,US,False,False,False,False,True,Known-universe stock candidate added from S&P 500,S&P 500,1
DRI,DRI,Darden Restaurants,Stock,Large-cap diversifier,Consumer Discretionary,Blend,US,False,False,False,False,True,Known-universe stock candidate added from S&P 500,S&P 500,1
DTE,DTE,DTE Energy,Stock,Defensive large-cap,Utilities,Defensive,US,False,True,True,False,True,Known-universe stock candidate added from S&P 500,S&P 500,1
DVA,DVA,DaVita,Stock,Defensive large-cap,Health Care,Defensive,US,False,True,False,False,True,Known-universe stock candidate added from S&P 500,S&P 500,1
DVN,DVN,Devon Energy,Stock,Large-cap diversifier,Energy,Blend,US,False,False,False,False,True,Known-universe stock candidate added from S&P 500,S&P 500,1
EBAY,EBAY,eBay Inc.,Stock,Large-cap diversifier,Consumer Discretionary,Blend,US,False,False,False,False,True,Known-universe stock candidate added from S&P 500,S&P 500,1
ECL,ECL,Ecolab,Stock,Large-cap diversifier,Materials,Blend,US,False,False,False,False,True,Known-universe stock candidate added from S&P 500,S&P 500,1
ED,ED,Consolidated Edison,Stock,Defensive large-cap,Utilities,Defensive,US,False,True,True,False,True,Known-universe stock candidate added from S&P 500,S&P 500,1
EFX,EFX,Equifax,Stock,Large-cap diversifier,Industrials,Blend,US,False,False,False,False,True,Known-universe stock candidate added from S&P 500,S&P 500,1
EG,EG,Everest Group,Stock,Financial quality,Financials,Blend,US,False,False,False,False,True,Known-universe stock candidate added from S&P 500,S&P 500,1
EIX,EIX,Edison International,Stock,Defensive large-cap,Utilities,Defensive,US,False,True,True,False,True,Known-universe stock candidate added from S&P 500,S&P 500,1
EL,EL,Estée Lauder Companies (The),Stock,Large-cap diversifier,Consumer Staples,Blend,US,False,False,False,False,True,Known-universe stock candidate added from S&P 500,S&P 500,1
ELV,ELV,Elevance Health,Stock,Defensive large-cap,Health Care,Defensive,US,False,True,False,False,True,Known-universe stock candidate added from S&P 500,S&P 500,1
EME,EME,Emcor,Stock,Large-cap diversifier,Industrials,Blend,US,False,False,False,False,True,Known-universe stock candidate added from S&P 500,S&P 500,1
EMR,EMR,Emerson Electric,Stock,Large-cap diversifier,Industrials,Blend,US,False,False,False,False,True,Known-universe stock candidate added from S&P 500,S&P 500,1
EOG,EOG,EOG Resources,Stock,Large-cap diversifier,Energy,Blend,US,False,False,False,False,True,Known-universe stock candidate added from S&P 500,S&P 500,1
EPAM,EPAM,EPAM Systems,Stock,Large-cap diversifier,Information Technology,Blend,US,False,False,False,False,True,Known-universe stock candidate added from S&P 500,S&P 500,1
EQIX,EQIX,Equinix,Stock,Large-cap diversifier,Real Estate,Blend,US,False,False,True,False,True,Known-universe stock candidate added from S&P 500,S&P 500,1
EQR,EQR,Equity Residential,Stock,Large-cap diversifier,Real Estate,Blend,US,False,False,True,False,True,Known-universe stock candidate added from S&P 500,S&P 500,1
EQT,EQT,EQT Corporation,Stock,Large-cap diversifier,Energy,Blend,US,False,False,False,False,True,Known-universe stock candidate added from S&P 500,S&P 500,1
ERIE,ERIE,Erie Indemnity,Stock,Financial quality,Financials,Blend,US,False,False,False,False,True,Known-universe stock candidate added from S&P 500,S&P 500,1
ES,ES,Eversource Energy,Stock,Defensive large-cap,Utilities,Defensive,US,False,True,True,False,True,Known-universe stock candidate added from S&P 500,S&P 500,1
ESS,ESS,Essex Property Trust,Stock,Large-cap diversifier,Real Estate,Blend,US,False,False,True,False,True,Known-universe stock candidate added from S&P 500,S&P 500,1
ETN,ETN,Eaton Corporation,Stock,Large-cap diversifier,Industrials,Blend,US,False,False,False,False,True,Known-universe stock candidate added from S&P 500,S&P 500,1
EVRG,EVRG,Evergy,Stock,Defensive large-cap,Utilities,Defensive,US,False,True,True,False,True,Known-universe stock candidate added from S&P 500,S&P 500,1
EW,EW,Edwards Lifesciences,Stock,Defensive large-cap,Health Care,Defensive,US,False,True,False,False,True,Known-universe stock candidate added from S&P 500,S&P 500,1
EXE,EXE,Expand Energy,Stock,Large-cap diversifier,Energy,Blend,US,False,False,False,False,True,Known-universe stock candidate added from S&P 500,S&P 500,1
EXPD,EXPD,Expeditors International,Stock,Large-cap diversifier,Industrials,Blend,US,False,False,False,False,True,Known-universe stock candidate added from S&P 500,S&P 500,1
EXPE,EXPE,Expedia Group,Stock,Large-cap diversifier,Consumer Discretionary,Blend,US,False,False,False,False,True,Known-universe stock candidate added from S&P 500,S&P 500,1
EXR,EXR,Extra Space Storage,Stock,Large-cap diversifier,Real Estate,Blend,US,False,False,True,False,True,Known-universe stock candidate added from S&P 500,S&P 500,1
F,F,Ford Motor Company,Stock,Large-cap diversifier,Consumer Discretionary,Blend,US,False,False,False,False,True,Known-universe stock candidate added from S&P 500,S&P 500,1
FCX,FCX,Freeport-McMoRan,Stock,Large-cap diversifier,Materials,Blend,US,False,False,False,False,True,Known-universe stock candidate added from S&P 500,S&P 500,1
FDS,FDS,FactSet,Stock,Financial quality,Financials,Blend,US,False,False,False,False,True,Known-universe stock candidate added from S&P 500,S&P 500,1
FDX,FDX,FedEx,Stock,Large-cap diversifier,Industrials,Blend,US,False,False,False,False,True,Known-universe stock candidate added from S&P 500,S&P 500,1
FE,FE,FirstEnergy,Stock,Defensive large-cap,Utilities,Defensive,US,False,True,True,False,True,Known-universe stock candidate added from S&P 500,S&P 500,1
FER,FER,Ferrovial,Stock,Large-cap diversifier,Industrials,Blend,US,False,False,False,False,True,Known-universe stock candidate added from Nasdaq-100,Nasdaq-100,1
FFIV,FFIV,"F5, Inc.",Stock,Large-cap diversifier,Information Technology,Blend,US,False,False,False,False,True,Known-universe stock candidate added from S&P 500,S&P 500,1
FICO,FICO,Fair Isaac,Stock,Large-cap diversifier,Information Technology,Blend,US,False,False,False,False,True,Known-universe stock candidate added from S&P 500,S&P 500,1
FIS,FIS,Fidelity National Information Services,Stock,Financial quality,Financials,Blend,US,False,False,False,False,True,Known-universe stock candidate added from S&P 500,S&P 500,1
FISV,FISV,Fiserv,Stock,Financial quality,Financials,Blend,US,False,False,False,False,True,Known-universe stock candidate added from S&P 500,S&P 500,1
FITB,FITB,Fifth Third Bancorp,Stock,Financial quality,Financials,Blend,US,False,False,False,False,True,Known-universe stock candidate added from S&P 500,S&P 500,1
FIX,FIX,Comfort Systems USA,Stock,Large-cap diversifier,Industrials,Blend,US,False,False,False,False,True,Known-universe stock candidate added from S&P 500,S&P 500,1
FOX,FOX,Fox Corporation (Class B),Stock,Quality growth,Communication Services,Growth,US,False,False,False,True,True,Known-universe stock candidate added from S&P 500,S&P 500,1
FOXA,FOXA,Fox Corporation (Class A),Stock,Quality growth,Communication Services,Growth,US,False,False,False,True,True,Known-universe stock candidate added from S&P 500,S&P 500,1
FRT,FRT,Federal Realty Investment Trust,Stock,Large-cap diversifier,Real Estate,Blend,US,False,False,True,False,True,Known-universe stock candidate added from S&P 500,S&P 500,1
FSLR,FSLR,First Solar,Stock,Large-cap diversifier,Information Technology,Blend,US,False,False,False,False,True,Known-universe stock candidate added from S&P 500,S&P 500,1
FTV,FTV,Fortive,Stock,Large-cap diversifier,Industrials,Blend,US,False,False,False,False,True,Known-universe stock candidate added from S&P 500,S&P 500,1
GD,GD,General Dynamics,Stock,Large-cap diversifier,Industrials,Blend,US,False,False,False,False,True,Known-universe stock candidate added from S&P 500,S&P 500,1
GDDY,GDDY,GoDaddy,Stock,Large-cap diversifier,Information Technology,Blend,US,False,False,False,False,True,Known-universe stock candidate added from S&P 500,S&P 500,1
GE,GE,GE Aerospace,Stock,Large-cap diversifier,Industrials,Blend,US,False,False,False,False,True,Known-universe stock candidate added from S&P 500,S&P 500,1
GEN,GEN,Gen Digital,Stock,Large-cap diversifier,Information Technology,Blend,US,False,False,False,False,True,Known-universe stock candidate added from S&P 500,S&P 500,1
GEV,GEV,GE Vernova,Stock,Large-cap diversifier,Industrials,Blend,US,False,False,False,False,True,Known-universe stock candidate added from S&P 500,S&P 500,1
GIS,GIS,General Mills,Stock,Large-cap diversifier,Consumer Staples,Blend,US,False,False,False,False,True,Known-universe stock candidate added from S&P 500,S&P 500,1
GL,GL,Globe Life,Stock,Financial quality,Financials,Blend,US,False,False,False,False,True,Known-universe stock candidate added from S&P 500,S&P 500,1
GLW,GLW,Corning Inc.,Stock,Large-cap diversifier,Information Technology,Blend,US,False,False,False,False,True,Known-universe stock candidate added from S&P 500,S&P 500,1
GM,GM,General Motors,Stock,Large-cap diversifier,Consumer Discretionary,Blend,US,False,False,False,False,True,Known-universe stock candidate added from S&P 500,S&P 500,1
GNRC,GNRC,Generac,Stock,Large-cap diversifier,Industrials,Blend,US,False,False,False,False,True,Known-universe stock candidate added from S&P 500,S&P 500,1
GPC,GPC,Genuine Parts Company,Stock,Large-cap diversifier,Consumer Discretionary,Blend,US,False,False,False,False,True,Known-universe stock candidate added from S&P 500,S&P 500,1
GPN,GPN,Global Payments,Stock,Financial quality,Financials,Blend,US,False,False,False,False,True,Known-universe stock candidate added from S&P 500,S&P 500,1
GRMN,GRMN,Garmin,Stock,Large-cap diversifier,Consumer Discretionary,Blend,US,False,False,False,False,True,Known-universe stock candidate added from S&P 500,S&P 500,1
GWW,GWW,W. W. Grainger,Stock,Large-cap diversifier,Industrials,Blend,US,False,False,False,False,True,Known-universe stock candidate added from S&P 500,S&P 500,1
HAL,HAL,Halliburton,Stock,Large-cap diversifier,Energy,Blend,US,False,False,False,False,True,Known-universe stock candidate added from S&P 500,S&P 500,1
HAS,HAS,Hasbro,Stock,Large-cap diversifier,Consumer Discretionary,Blend,US,False,False,False,False,True,Known-universe stock candidate added from S&P 500,S&P 500,1
HBAN,HBAN,Huntington Bancshares,Stock,Financial quality,Financials,Blend,US,False,False,False,False,True,Known-universe stock candidate added from S&P 500,S&P 500,1
HCA,HCA,HCA Healthcare,Stock,Defensive large-cap,Health Care,Defensive,US,False,True,False,False,True,Known-universe stock candidate added from S&P 500,S&P 500,1
HIG,HIG,Hartford (The),Stock,Financial quality,Financials,Blend,US,False,False,False,False,True,Known-universe stock candidate added from S&P 500,S&P 500,1
HII,HII,Huntington Ingalls Industries,Stock,Large-cap diversifier,Industrials,Blend,US,False,False,False,False,True,Known-universe stock candidate added from S&P 500,S&P 500,1
HLT,HLT,Hilton Worldwide,Stock,Large-cap diversifier,Consumer Discretionary,Blend,US,False,False,False,False,True,Known-universe stock candidate added from S&P 500,S&P 500,1
HOOD,HOOD,Robinhood Markets,Stock,Financial quality,Financials,Blend,US,False,False,False,False,True,Known-universe stock candidate added from S&P 500,S&P 500,1
HPE,HPE,Hewlett Packard Enterprise,Stock,Large-cap diversifier,Information Technology,Blend,US,False,False,False,False,True,Known-universe stock candidate added from S&P 500,S&P 500,1
HPQ,HPQ,HP Inc.,Stock,Large-cap diversifier,Information Technology,Blend,US,False,False,False,False,True,Known-universe stock candidate added from S&P 500,S&P 500,1
HRL,HRL,Hormel Foods,Stock,Large-cap diversifier,Consumer Staples,Blend,US,False,False,False,False,True,Known-universe stock candidate added from S&P 500,S&P 500,1
HSIC,HSIC,Henry Schein,Stock,Defensive large-cap,Health Care,Defensive,US,False,True,False,False,True,Known-universe stock candidate added from S&P 500,S&P 500,1
HST,HST,Host Hotels & Resorts,Stock,Large-cap diversifier,Real Estate,Blend,US,False,False,True,False,True,Known-universe stock candidate added from S&P 500,S&P 500,1
HSY,HSY,Hershey Company (The),Stock,Large-cap diversifier,Consumer Staples,Blend,US,False,False,False,False,True,Known-universe stock candidate added from S&P 500,S&P 500,1
HUBB,HUBB,Hubbell Incorporated,Stock,Large-cap diversifier,Industrials,Blend,US,False,False,False,False,True,Known-universe stock candidate added from S&P 500,S&P 500,1
HUM,HUM,Humana,Stock,Defensive large-cap,Health Care,Defensive,US,False,True,False,False,True,Known-universe stock candidate added from S&P 500,S&P 500,1
HWM,HWM,Howmet Aerospace,Stock,Large-cap diversifier,Industrials,Blend,US,False,False,False,False,True,Known-universe stock candidate added from S&P 500,S&P 500,1
IBKR,IBKR,Interactive Brokers,Stock,Financial quality,Financials,Blend,US,False,False,False,False,True,Known-universe stock candidate added from S&P 500,S&P 500,1
ICE,ICE,Intercontinental Exchange,Stock,Financial quality,Financials,Blend,US,False,False,False,False,True,Known-universe stock candidate added from S&P 500,S&P 500,1
IEX,IEX,IDEX Corporation,Stock,Large-cap diversifier,Industrials,Blend,US,False,False,False,False,True,Known-universe stock candidate added from S&P 500,S&P 500,1
IFF,IFF,International Flavors & Fragrances,Stock,Large-cap diversifier,Materials,Blend,US,False,False,False,False,True,Known-universe stock candidate added from S&P 500,S&P 500,1
INCY,INCY,Incyte,Stock,Defensive large-cap,Health Care,Defensive,US,False,True,False,False,True,Known-universe stock candidate added from S&P 500,S&P 500,1
INSM,INSM,Insmed Incorporated,Stock,Defensive large-cap,Health Care,Defensive,US,False,True,False,False,True,Known-universe stock candidate added from Nasdaq-100,Nasdaq-100,1
INVH,INVH,Invitation Homes,Stock,Large-cap diversifier,Real Estate,Blend,US,False,False,True,False,True,Known-universe stock candidate added from S&P 500,S&P 500,1
IP,IP,International Paper,Stock,Large-cap diversifier,Materials,Blend,US,False,False,False,False,True,Known-universe stock candidate added from S&P 500,S&P 500,1
IQV,IQV,IQVIA,Stock,Defensive large-cap,Health Care,Defensive,US,False,True,False,False,True,Known-universe stock candidate added from S&P 500,S&P 500,1
IR,IR,Ingersoll Rand,Stock,Large-cap diversifier,Industrials,Blend,US,False,False,False,False,True,Known-universe stock candidate added from S&P 500,S&P 500,1
IRM,IRM,Iron Mountain,Stock,Large-cap diversifier,Real Estate,Blend,US,False,False,True,False,True,Known-universe stock candidate added from S&P 500,S&P 500,1
IT,IT,Gartner,Stock,Large-cap diversifier,Information Technology,Blend,US,False,False,False,False,True,Known-universe stock candidate added from S&P 500,S&P 500,1
ITW,ITW,Illinois Tool Works,Stock,Large-cap diversifier,Industrials,Blend,US,False,False,False,False,True,Known-universe stock candidate added from S&P 500,S&P 500,1
IVZ,IVZ,Invesco,Stock,Financial quality,Financials,Blend,US,False,False,False,False,True,Known-universe stock candidate added from S&P 500,S&P 500,1
J,J,Jacobs Solutions,Stock,Large-cap diversifier,Industrials,Blend,US,False,False,False,False,True,Known-universe stock candidate added from S&P 500,S&P 500,1
JBHT,JBHT,J.B. Hunt,Stock,Large-cap diversifier,Industrials,Blend,US,False,False,False,False,True,Known-universe stock candidate added from S&P 500,S&P 500,1
JBL,JBL,Jabil,Stock,Large-cap diversifier,Information Technology,Blend,US,False,False,False,False,True,Known-universe stock candidate added from S&P 500,S&P 500,1
JCI,JCI,Johnson Controls,Stock,Large-cap diversifier,Industrials,Blend,US,False,False,False,False,True,Known-universe stock candidate added from S&P 500,S&P 500,1
JKHY,JKHY,Jack Henry & Associates,Stock,Financial quality,Financials,Blend,US,False,False,False,False,True,Known-universe stock candidate added from S&P 500,S&P 500,1
JNJ,JNJ,Johnson & Johnson,Stock,Defensive compounder,Health Care,Defensive,US,False,True,True,False,True,Diversified healthcare franchise,Curated stock list,1
JPM,JPM,JPMorgan Chase & Co.,Stock,Financial quality,Financial Services,Quality,US,False,False,True,False,True,Large-cap financial with broad earnings base,Curated stock list,1
KEY,KEY,KeyCorp,Stock,Financial quality,Financials,Blend,US,False,False,False,False,True,Known-universe stock candidate added from S&P 500,S&P 500,1
KEYS,KEYS,Keysight Technologies,Stock,Large-cap diversifier,Information Technology,Blend,US,False,False,False,False,True,Known-universe stock candidate added from S&P 500,S&P 500,1
KIM,KIM,Kimco Realty,Stock,Large-cap diversifier,Real Estate,Blend,US,False,False,True,False,True,Known-universe stock candidate added from S&P 500,S&P 500,1
KKR,KKR,KKR & Co.,Stock,Financial quality,Financials,Blend,US,False,False,False,False,True,Known-universe stock candidate added from S&P 500,S&P 500,1
KMB,KMB,Kimberly-Clark,Stock,Large-cap diversifier,Consumer Staples,Blend,US,False,False,False,False,True,Known-universe stock candidate added from S&P 500,S&P 500,1
KMI,KMI,Kinder Morgan,Stock,Large-cap diversifier,Energy,Blend,US,False,False,False,False,True,Known-universe stock candidate added from S&P 500,S&P 500,1
KR,KR,Kroger,Stock,Large-cap diversifier,Consumer Staples,Blend,US,False,False,False,False,True,Known-universe stock candidate added from S&P 500,S&P 500,1
KVUE,KVUE,Kenvue,Stock,Large-cap diversifier,Consumer Staples,Blend,US,False,False,False,False,True,Known-universe stock candidate added from S&P 500,S&P 500,1
L,L,Loews Corporation,Stock,Financial quality,Financials,Blend,US,False,False,False,False,True,Known-universe stock candidate added from S&P 500,S&P 500,1
LDOS,LDOS,Leidos,Stock,Large-cap diversifier,Industrials,Blend,US,False,False,False,False,True,Known-universe stock candidate added from S&P 500,S&P 500,1
LEN,LEN,Lennar,Stock,Large-cap diversifier,Consumer Discretionary,Blend,US,False,False,False,False,True,Known-universe stock candidate added from S&P 500,S&P 500,1
LH,LH,Labcorp,Stock,Defensive large-cap,Health Care,Defensive,US,False,True,False,False,True,Known-universe stock candidate added from S&P 500,S&P 500,1
LHX,LHX,L3Harris,Stock,Large-cap diversifier,Industrials,Blend,US,False,False,False,False,True,Known-universe stock candidate added from S&P 500,S&P 500,1
LII,LII,Lennox International,Stock,Large-cap diversifier,Industrials,Blend,US,False,False,False,False,True,Known-universe stock candidate added from S&P 500,S&P 500,1
LITE,LITE,Lumentum,Stock,Large-cap diversifier,Information Technology,Blend,US,False,False,False,False,True,Known-universe stock candidate added from S&P 500,S&P 500,1
LMT,LMT,Lockheed Martin,Stock,Large-cap diversifier,Industrials,Blend,US,False,False,False,False,True,Known-universe stock candidate added from S&P 500,S&P 500,1
LNT,LNT,Alliant Energy,Stock,Defensive large-cap,Utilities,Defensive,US,False,True,True,False,True,Known-universe stock candidate added from S&P 500,S&P 500,1
LOW,LOW,Lowe's,Stock,Large-cap diversifier,Consumer Discretionary,Blend,US,False,False,False,False,True,Known-universe stock candidate added from S&P 500,S&P 500,1
LULU,LULU,Lululemon Athletica,Stock,Large-cap diversifier,Consumer Discretionary,Blend,US,False,False,False,False,True,Known-universe stock candidate added from S&P 500,S&P 500,1
LUV,LUV,Southwest Airlines,Stock,Large-cap diversifier,Industrials,Blend,US,False,False,False,False,True,Known-universe stock candidate added from S&P 500,S&P 500,1
LVS,LVS,Las Vegas Sands,Stock,Large-cap diversifier,Consumer Discretionary,Blend,US,False,False,False,False,True,Known-universe stock candidate added from S&P 500,S&P 500,1
LYB,LYB,LyondellBasell,Stock,Large-cap diversifier,Materials,Blend,US,False,False,False,False,True,Known-universe stock candidate added from S&P 500,S&P 500,1
LYV,LYV,Live Nation Entertainment,Stock,Quality growth,Communication Services,Growth,US,False,False,False,True,True,Known-universe stock candidate added from S&P 500,S&P 500,1
MAA,MAA,Mid-America Apartment Communities,Stock,Large-cap diversifier,Real Estate,Blend,US,False,False,True,False,True,Known-universe stock candidate added from S&P 500,S&P 500,1
MAS,MAS,Masco,Stock,Large-cap diversifier,Industrials,Blend,US,False,False,False,False,True,Known-universe stock candidate added from S&P 500,S&P 500,1
MCK,MCK,McKesson Corporation,Stock,Defensive large-cap,Health Care,Defensive,US,False,True,False,False,True,Known-universe stock candidate added from S&P 500,S&P 500,1
MCO,MCO,Moody's Corporation,Stock,Financial quality,Financials,Blend,US,False,False,False,False,True,Known-universe stock candidate added from S&P 500,S&P 500,1
MDT,MDT,Medtronic,Stock,Defensive large-cap,Health Care,Defensive,US,False,True,False,False,True,Known-universe stock candidate added from S&P 500,S&P 500,1
MELI,MELI,Mercado Libre,Stock,Large-cap diversifier,Consumer Discretionary,Blend,US,False,False,False,False,True,Known-universe stock candidate added from Nasdaq-100,Nasdaq-100,1
MET,MET,MetLife,Stock,Financial quality,Financials,Blend,US,False,False,False,False,True,Known-universe stock candidate added from S&P 500,S&P 500,1
MGM,MGM,MGM Resorts,Stock,Large-cap diversifier,Consumer Discretionary,Blend,US,False,False,False,False,True,Known-universe stock candidate added from S&P 500,S&P 500,1
MKC,MKC,McCormick & Company,Stock,Large-cap diversifier,Consumer Staples,Blend,US,False,False,False,False,True,Known-universe stock candidate added from S&P 500,S&P 500,1
MLM,MLM,Martin Marietta Materials,Stock,Large-cap diversifier,Materials,Blend,US,False,False,False,False,True,Known-universe stock candidate added from S&P 500,S&P 500,1
MOS,MOS,Mosaic Company (The),Stock,Large-cap diversifier,Materials,Blend,US,False,False,False,False,True,Known-universe stock candidate added from S&P 500,S&P 500,1
MPC,MPC,Marathon Petroleum,Stock,Large-cap diversifier,Energy,Blend,US,False,False,False,False,True,Known-universe stock candidate added from S&P 500,S&P 500,1
MRNA,MRNA,Moderna,Stock,Defensive large-cap,Health Care,Defensive,US,False,True,False,False,True,Known-universe stock candidate added from S&P 500,S&P 500,1
MRSH,MRSH,Marsh McLennan,Stock,Financial quality,Financials,Blend,US,False,False,False,False,True,Known-universe stock candidate added from S&P 500,S&P 500,1
MRVL,MRVL,Marvell Technology,Stock,Quality growth,Technology,Growth,US,False,False,False,True,True,Known-universe stock candidate added from Nasdaq-100,Nasdaq-100,1
MS,MS,Morgan Stanley,Stock,Financial quality,Financials,Blend,US,False,False,False,False,True,Known-universe stock candidate added from S&P 500,S&P 500,1
MSCI,MSCI,MSCI Inc.,Stock,Financial quality,Financials,Blend,US,False,False,False,False,True,Known-universe stock candidate added from S&P 500,S&P 500,1
MSFT,MSFT,Microsoft Corporation,Stock,Quality growth,Technology,Quality Growth,US,False,False,False,True,True,High-quality large-cap growth if portfolio still needs selective growth,Curated stock list,1
MSTR,MSTR,MicroStrategy,Stock,Quality growth,Technology,Growth,US,False,False,False,True,True,Known-universe stock candidate added from Nasdaq-100,Nasdaq-100,1
MTB,MTB,M&T Bank,Stock,Financial quality,Financials,Blend,US,False,False,False,False,True,Known-universe stock candidate added from S&P 500,S&P 500,1
MTD,MTD,Mettler Toledo,Stock,Defensive large-cap,Health Care,Defensive,US,False,True,False,False,True,Known-universe stock candidate added from S&P 500,S&P 500,1
NCLH,NCLH,Norwegian Cruise Line Holdings,Stock,Large-cap diversifier,Consumer Discretionary,Blend,US,False,False,False,False,True,Known-universe stock candidate added from S&P 500,S&P 500,1
NDAQ,NDAQ,"Nasdaq, Inc.",Stock,Financial quality,Financials,Blend,US,False,False,False,False,True,Known-universe stock candidate added from S&P 500,S&P 500,1
NDSN,NDSN,Nordson Corporation,Stock,Large-cap diversifier,Industrials,Blend,US,False,False,False,False,True,Known-universe stock candidate added from S&P 500,S&P 500,1
NEM,NEM,Newmont,Stock,Large-cap diversifier,Materials,Blend,US,False,False,False,False,True,Known-universe stock candidate added from S&P 500,S&P 500,1
NI,NI,NiSource,Stock,Defensive large-cap,Utilities,Defensive,US,False,True,True,False,True,Known-universe stock candidate added from S&P 500,S&P 500,1
NOC,NOC,Northrop Grumman,Stock,Large-cap diversifier,Industrials,Blend,US,False,False,False,False,True,Known-universe stock candidate added from S&P 500,S&P 500,1
NOW,NOW,ServiceNow,Stock,Large-cap diversifier,Information Technology,Blend,US,False,False,False,False,True,Known-universe stock candidate added from S&P 500,S&P 500,1
NRG,NRG,NRG Energy,Stock,Defensive large-cap,Utilities,Defensive,US,False,True,True,False,True,Known-universe stock candidate added from S&P 500,S&P 500,1
NSC,NSC,Norfolk Southern,Stock,Large-cap diversifier,Industrials,Blend,US,False,False,False,False,True,Known-universe stock candidate added from S&P 500,S&P 500,1
NTAP,NTAP,NetApp,Stock,Large-cap diversifier,Information Technology,Blend,US,False,False,False,False,True,Known-universe stock candidate added from S&P 500,S&P 500,1
NTRS,NTRS,Northern Trust,Stock,Financial quality,Financials,Blend,US,False,False,False,False,True,Known-universe stock candidate added from S&P 500,S&P 500,1
NUE,NUE,Nucor,Stock,Large-cap diversifier,Materials,Blend,US,False,False,False,False,True,Known-universe stock candidate added from S&P 500,S&P 500,1
NVR,NVR,"NVR, Inc.",Stock,Large-cap diversifier,Consumer Discretionary,Blend,US,False,False,False,False,True,Known-universe stock candidate added from S&P 500,S&P 500,1
NWS,NWS,News Corp (Class B),Stock,Quality growth,Communication Services,Growth,US,False,False,False,True,True,Known-universe stock candidate added from S&P 500,S&P 500,1
NWSA,NWSA,News Corp (Class A),Stock,Quality growth,Communication Services,Growth,US,False,False,False,True,True,Known-universe stock candidate added from S&P 500,S&P 500,1
O,O,Realty Income,Stock,Large-cap diversifier,Real Estate,Blend,US,False,False,True,False,True,Known-universe stock candidate added from S&P 500,S&P 500,1
OKE,OKE,Oneok,Stock,Large-cap diversifier,Energy,Blend,US,False,False,False,False,True,Known-universe stock candidate added from S&P 500,S&P 500,1
OMC,OMC,Omnicom Group,Stock,Quality growth,Communication Services,Growth,US,False,False,False,True,True,Known-universe stock candidate added from S&P 500,S&P 500,1
ON,ON,ON Semiconductor,Stock,Large-cap diversifier,Information Technology,Blend,US,False,False,False,False,True,Known-universe stock candidate added from S&P 500,S&P 500,1
ORCL,ORCL,Oracle Corporation,Stock,Large-cap diversifier,Information Technology,Blend,US,False,False,False,False,True,Known-universe stock candidate added from S&P 500,S&P 500,1
OTIS,OTIS,Otis Worldwide,Stock,Large-cap diversifier,Industrials,Blend,US,False,False,False,False,True,Known-universe stock candidate added from S&P 500,S&P 500,1
OXY,OXY,Occidental Petroleum,Stock,Large-cap diversifier,Energy,Blend,US,False,False,False,False,True,Known-universe stock candidate added from S&P 500,S&P 500,1
PCG,PCG,PG&E Corporation,Stock,Defensive large-cap,Utilities,Defensive,US,False,True,True,False,True,Known-universe stock candidate added from S&P 500,S&P 500,1
PDD,PDD,PDD Holdings,Stock,Quality growth,Technology,Growth,US,False,False,False,True,True,Known-universe stock candidate added from Nasdaq-100,Nasdaq-100,1
PEG,PEG,Public Service Enterprise Group,Stock,Defensive large-cap,Utilities,Defensive,US,False,True,True,False,True,Known-universe stock candidate added from S&P 500,S&P 500,1
PFE,PFE,Pfizer,Stock,Defensive large-cap,Health Care,Defensive,US,False,True,False,False,True,Known-universe stock candidate added from S&P 500,S&P 500,1
PFG,PFG,Principal Financial Group,Stock,Financial quality,Financials,Blend,US,False,False,False,False,True,Known-universe stock candidate added from S&P 500,S&P 500,1
PG,PG,Procter & Gamble Co.,Stock,Defensive compounder,Consumer Defensive,Defensive,US,False,True,True,False,True,Consumer staples leader with steadier demand,Curated stock list,1
PGR,PGR,Progressive Corporation,Stock,Financial quality,Financials,Blend,US,False,False,False,False,True,Known-universe stock candidate added from S&P 500,S&P 500,1
PH,PH,Parker Hannifin,Stock,Large-cap diversifier,Industrials,Blend,US,False,False,False,False,True,Known-universe stock candidate added from S&P 500,S&P 500,1
PHM,PHM,PulteGroup,Stock,Large-cap diversifier,Consumer Discretionary,Blend,US,False,False,False,False,True,Known-universe stock candidate added from S&P 500,S&P 500,1
PKG,PKG,Packaging Corporation of America,Stock,Large-cap diversifier,Materials,Blend,US,False,False,False,False,True,Known-universe stock candidate added from S&P 500,S&P 500,1
PLD,PLD,Prologis,Stock,Large-cap diversifier,Real Estate,Blend,US,False,False,True,False,True,Known-universe stock candidate added from S&P 500,S&P 500,1
PNC,PNC,PNC Financial Services,Stock,Financial quality,Financials,Blend,US,False,False,False,False,True,Known-universe stock candidate added from S&P 500,S&P 500,1
PNR,PNR,Pentair,Stock,Large-cap diversifier,Industrials,Blend,US,False,False,False,False,True,Known-universe stock candidate added from S&P 500,S&P 500,1
PNW,PNW,Pinnacle West Capital,Stock,Defensive large-cap,Utilities,Defensive,US,False,True,True,False,True,Known-universe stock candidate added from S&P 500,S&P 500,1
PODD,PODD,Insulet Corporation,Stock,Defensive large-cap,Health Care,Defensive,US,False,True,False,False,True,Known-universe stock candidate added from S&P 500,S&P 500,1
POOL,POOL,Pool Corporation,Stock,Large-cap diversifier,Consumer Discretionary,Blend,US,False,False,False,False,True,Known-universe stock candidate added from S&P 500,S&P 500,1
PPG,PPG,PPG Industries,Stock,Large-cap diversifier,Materials,Blend,US,False,False,False,False,True,Known-universe stock candidate added from S&P 500,S&P 500,1
PPL,PPL,PPL Corporation,Stock,Defensive large-cap,Utilities,Defensive,US,False,True,True,False,True,Known-universe stock candidate added from S&P 500,S&P 500,1
PRU,PRU,Prudential Financial,Stock,Financial quality,Financials,Blend,US,False,False,False,False,True,Known-universe stock candidate added from S&P 500,S&P 500,1
PSA,PSA,Public Storage,Stock,Large-cap diversifier,Real Estate,Blend,US,False,False,True,False,True,Known-universe stock candidate added from S&P 500,S&P 500,1
PSKY,PSKY,Paramount Skydance Corporation,Stock,Quality growth,Communication Services,Growth,US,False,False,False,True,True,Known-universe stock candidate added from S&P 500,S&P 500,1
PSX,PSX,Phillips 66,Stock,Large-cap diversifier,Energy,Blend,US,False,False,False,False,True,Known-universe stock candidate added from S&P 500,S&P 500,1
PTC,PTC,PTC Inc.,Stock,Large-cap diversifier,Information Technology,Blend,US,False,False,False,False,True,Known-universe stock candidate added from S&P 500,S&P 500,1
PWR,PWR,Quanta Services,Stock,Large-cap diversifier,Industrials,Blend,US,False,False,False,False,True,Known-universe stock candidate added from S&P 500,S&P 500,1
Q,Q,Qnity Electronics,Stock,Large-cap diversifier,Information Technology,Blend,US,False,False,False,False,True,Known-universe stock candidate added from S&P 500,S&P 500,1
RCL,RCL,Royal Caribbean Group,Stock,Large-cap diversifier,Consumer Discretionary,Blend,US,False,False,False,False,True,Known-universe stock candidate added from S&P 500,S&P 500,1
REG,REG,Regency Centers,Stock,Large-cap diversifier,Real Estate,Blend,US,False,False,True,False,True,Known-universe stock candidate added from S&P 500,S&P 500,1
RF,RF,Regions Financial Corporation,Stock,Financial quality,Financials,Blend,US,False,False,False,False,True,Known-universe stock candidate added from S&P 500,S&P 500,1
RJF,RJF,Raymond James Financial,Stock,Financial quality,Financials,Blend,US,False,False,False,False,True,Known-universe stock candidate added from S&P 500,S&P 500,1
RL,RL,Ralph Lauren Corporation,Stock,Large-cap diversifier,Consumer Discretionary,Blend,US,False,False,False,False,True,Known-universe stock candidate added from S&P 500,S&P 500,1
RMD,RMD,ResMed,Stock,Defensive large-cap,Health Care,Defensive,US,False,True,False,False,True,Known-universe stock candidate added from S&P 500,S&P 500,1
ROK,ROK,Rockwell Automation,Stock,Large-cap diversifier,Industrials,Blend,US,False,False,False,False,True,Known-universe stock candidate added from S&P 500,S&P 500,1
ROL,ROL,"Rollins, Inc.",Stock,Large-cap diversifier,Industrials,Blend,US,False,False,False,False,True,Known-universe stock candidate added from S&P 500,S&P 500,1
RSG,RSG,Republic Services,Stock,Large-cap diversifier,Industrials,Blend,US,False,False,False,False,True,Known-universe stock candidate added from S&P 500,S&P 500,1
RTX,RTX,RTX Corporation,Stock,Large-cap diversifier,Industrials,Blend,US,False,False,False,False,True,Known-universe stock candidate added from S&P 500,S&P 500,1
RVTY,RVTY,Revvity,Stock,Defensive large-cap,Health Care,Defensive,US,False,True,False,False,True,Known-universe stock candidate added from S&P 500,S&P 500,1
SATS,SATS,EchoStar,Stock,Quality growth,Communication Services,Growth,US,False,False,False,True,True,Known-universe stock candidate added from S&P 500,S&P 500,1
SBAC,SBAC,SBA Communications,Stock,Large-cap diversifier,Real Estate,Blend,US,False,False,True,False,True,Known-universe stock candidate added from S&P 500,S&P 500,1
SCHW,SCHW,Charles Schwab Corporation,Stock,Financial quality,Financials,Blend,US,False,False,False,False,True,Known-universe stock candidate added from S&P 500,S&P 500,1
SHOP,SHOP,Shopify,Stock,Quality growth,Technology,Growth,US,False,False,False,True,True,Known-universe stock candidate added from Nasdaq-100,Nasdaq-100,1
SJM,SJM,J.M. Smucker Company (The),Stock,Large-cap diversifier,Consumer Staples,Blend,US,False,False,False,False,True,Known-universe stock candidate added from S&P 500,S&P 500,1
SLB,SLB,Schlumberger,Stock,Large-cap diversifier,Energy,Blend,US,False,False,False,False,True,Known-universe stock candidate added from S&P 500,S&P 500,1
SMCI,SMCI,Supermicro,Stock,Large-cap diversifier,Information Technology,Blend,US,False,False,False,False,True,Known-universe stock candidate added from S&P 500,S&P 500,1
SNA,SNA,Snap-on,Stock,Large-cap diversifier,Industrials,Blend,US,False,False,False,False,True,Known-universe stock candidate added from S&P 500,S&P 500,1
SOLV,SOLV,Solventum,Stock,Defensive large-cap,Health Care,Defensive,US,False,True,False,False,True,Known-universe stock candidate added from S&P 500,S&P 500,1
SPG,SPG,Simon Property Group,Stock,Large-cap diversifier,Real Estate,Blend,US,False,False,True,False,True,Known-universe stock candidate added from S&P 500,S&P 500,1
SPGI,SPGI,S&P Global,Stock,Financial quality,Financials,Blend,US,False,False,False,False,True,Known-universe stock candidate added from S&P 500,S&P 500,1
STE,STE,Steris,Stock,Defensive large-cap,Health Care,Defensive,US,False,True,False,False,True,Known-universe stock candidate added from S&P 500,S&P 500,1
STLD,STLD,Steel Dynamics,Stock,Large-cap diversifier,Materials,Blend,US,False,False,False,False,True,Known-universe stock candidate added from S&P 500,S&P 500,1
STT,STT,State Street Corporation,Stock,Financial quality,Financials,Blend,US,False,False,False,False,True,Known-universe stock candidate added from S&P 500,S&P 500,1
STZ,STZ,Constellation Brands,Stock,Large-cap diversifier,Consumer Staples,Blend,US,False,False,False,False,True,Known-universe stock candidate added from S&P 500,S&P 500,1
SW,SW,Smurfit Westrock,Stock,Large-cap diversifier,Materials,Blend,US,False,False,False,False,True,Known-universe stock candidate added from S&P 500,S&P 500,1
SWK,SWK,Stanley Black & Decker,Stock,Large-cap diversifier,Industrials,Blend,US,False,False,False,False,True,Known-universe stock candidate added from S&P 500,S&P 500,1
SWKS,SWKS,Skyworks Solutions,Stock,Large-cap diversifier,Information Technology,Blend,US,False,False,False,False,True,Known-universe stock candidate added from S&P 500,S&P 500,1
SYF,SYF,Synchrony Financial,Stock,Financial quality,Financials,Blend,US,False,False,False,False,True,Known-universe stock candidate added from S&P 500,S&P 500,1
SYK,SYK,Stryker Corporation,Stock,Defensive large-cap,Health Care,Defensive,US,False,True,False,False,True,Known-universe stock candidate added from S&P 500,S&P 500,1
SYY,SYY,Sysco,Stock,Large-cap diversifier,Consumer Staples,Blend,US,False,False,False,False,True,Known-universe stock candidate added from S&P 500,S&P 500,1
T,T,AT&T,Stock,Quality growth,Communication Services,Growth,US,False,False,False,True,True,Known-universe stock candidate added from S&P 500,S&P 500,1
TAP,TAP,Molson Coors Beverage Company,Stock,Large-cap diversifier,Consumer Staples,Blend,US,False,False,False,False,True,Known-universe stock candidate added from S&P 500,S&P 500,1
TDG,TDG,TransDigm Group,Stock,Large-cap diversifier,Industrials,Blend,US,False,False,False,False,True,Known-universe stock candidate added from S&P 500,S&P 500,1
TDY,TDY,Teledyne Technologies,Stock,Large-cap diversifier,Information Technology,Blend,US,False,False,False,False,True,Known-universe stock candidate added from S&P 500,S&P 500,1
TECH,TECH,Bio-Techne,Stock,Defensive large-cap,Health Care,Defensive,US,False,True,False,False,True,Known-universe stock candidate added from S&P 500,S&P 500,1
TEL,TEL,TE Connectivity,Stock,Large-cap diversifier,Information Technology,Blend,US,False,False,False,False,True,Known-universe stock candidate added from S&P 500,S&P 500,1
TER,TER,Teradyne,Stock,Large-cap diversifier,Information Technology,Blend,US,False,False,False,False,True,Known-universe stock candidate added from S&P 500,S&P 500,1
TFC,TFC,Truist Financial,Stock,Financial quality,Financials,Blend,US,False,False,False,False,True,Known-universe stock candidate added from S&P 500,S&P 500,1
TKO,TKO,TKO Group Holdings,Stock,Quality growth,Communication Services,Growth,US,False,False,False,True,True,Known-universe stock candidate added from S&P 500,S&P 500,1
TPL,TPL,Texas Pacific Land Corporation,Stock,Large-cap diversifier,Energy,Blend,US,False,False,False,False,True,Known-universe stock candidate added from S&P 500,S&P 500,1
TPR,TPR,"Tapestry, Inc.",Stock,Large-cap diversifier,Consumer Discretionary,Blend,US,False,False,False,False,True,Known-universe stock candidate added from S&P 500,S&P 500,1
TRGP,TRGP,Targa Resources,Stock,Large-cap diversifier,Energy,Blend,US,False,False,False,False,True,Known-universe stock candidate added from S&P 500,S&P 500,1
TRI,TRI,Thomson Reuters,Stock,Quality growth,Technology,Growth,US,False,False,False,True,True,Known-universe stock candidate added from Nasdaq-100,Nasdaq-100,1
TRMB,TRMB,Trimble Inc.,Stock,Large-cap diversifier,Information Technology,Blend,US,False,False,False,False,True,Known-universe stock candidate added from S&P 500,S&P 500,1
TROW,TROW,T. Rowe Price,Stock,Financial quality,Financials,Blend,US,False,False,False,False,True,Known-universe stock candidate added from S&P 500,S&P 500,1
TSCO,TSCO,Tractor Supply,Stock,Large-cap diversifier,Consumer Discretionary,Blend,US,False,False,False,False,True,Known-universe stock candidate added from S&P 500,S&P 500,1
TSN,TSN,Tyson Foods,Stock,Large-cap diversifier,Consumer Staples,Blend,US,False,False,False,False,True,Known-universe stock candidate added from S&P 500,S&P 500,1
TT,TT,Trane Technologies,Stock,Large-cap diversifier,Industrials,Blend,US,False,False,False,False,True,Known-universe stock candidate added from S&P 500,S&P 500,1
TTD,TTD,Trade Desk (The),Stock,Quality growth,Communication Services,Growth,US,False,False,False,True,True,Known-universe stock candidate added from S&P 500,S&P 500,1
TXT,TXT,Textron,Stock,Large-cap diversifier,Industrials,Blend,US,False,False,False,False,True,Known-universe stock candidate added from S&P 500,S&P 500,1
TYL,TYL,Tyler Technologies,Stock,Large-cap diversifier,Information Technology,Blend,US,False,False,False,False,True,Known-universe stock candidate added from S&P 500,S&P 500,1
UAL,UAL,United Airlines Holdings,Stock,Large-cap diversifier,Industrials,Blend,US,False,False,False,False,True,Known-universe stock candidate added from S&P 500,S&P 500,1
UBER,UBER,Uber,Stock,Large-cap diversifier,Industrials,Blend,US,False,False,False,False,True,Known-universe stock candidate added from S&P 500,S&P 500,1
UDR,UDR,"UDR, Inc.",Stock,Large-cap diversifier,Real Estate,Blend,US,False,False,True,False,True,Known-universe stock candidate added from S&P 500,S&P 500,1
UHS,UHS,Universal Health Services,Stock,Defensive large-cap,Health Care,Defensive,US,False,True,False,False,True,Known-universe stock candidate added from S&P 500,S&P 500,1
ULTA,ULTA,Ulta Beauty,Stock,Large-cap diversifier,Consumer Discretionary,Blend,US,False,False,False,False,True,Known-universe stock candidate added from S&P 500,S&P 500,1
UNP,UNP,Union Pacific Corporation,Stock,Large-cap diversifier,Industrials,Blend,US,False,False,False,False,True,Known-universe stock candidate added from S&P 500,S&P 500,1
UPS,UPS,United Parcel Service,Stock,Large-cap diversifier,Industrials,Blend,US,False,False,False,False,True,Known-universe stock candidate added from S&P 500,S&P 500,1
URI,URI,United Rentals,Stock,Large-cap diversifier,Industrials,Blend,US,False,False,False,False,True,Known-universe stock candidate added from S&P 500,S&P 500,1
USB,USB,U.S. Bancorp,Stock,Financial quality,Financials,Blend,US,False,False,False,False,True,Known-universe stock candidate added from S&P 500,S&P 500,1
VICI,VICI,Vici Properties,Stock,Large-cap diversifier,Real Estate,Blend,US,False,False,True,False,True,Known-universe stock candidate added from S&P 500,S&P 500,1
VLO,VLO,Valero Energy,Stock,Large-cap diversifier,Energy,Blend,US,False,False,False,False,True,Known-universe stock candidate added from S&P 500,S&P 500,1
VLTO,VLTO,Veralto,Stock,Large-cap diversifier,Industrials,Blend,US,False,False,False,False,True,Known-universe stock candidate added from S&P 500,S&P 500,1
VMC,VMC,Vulcan Materials Company,Stock,Large-cap diversifier,Materials,Blend,US,False,False,False,False,True,Known-universe stock candidate added from S&P 500,S&P 500,1
VRSN,VRSN,Verisign,Stock,Large-cap diversifier,Information Technology,Blend,US,False,False,False,False,True,Known-universe stock candidate added from S&P 500,S&P 500,1
VRT,VRT,Vertiv,Stock,Large-cap diversifier,Industrials,Blend,US,False,False,False,False,True,Known-universe stock candidate added from S&P 500,S&P 500,1
VTR,VTR,Ventas,Stock,Large-cap diversifier,Real Estate,Blend,US,False,False,True,False,True,Known-universe stock candidate added from S&P 500,S&P 500,1
VTRS,VTRS,Viatris,Stock,Defensive large-cap,Health Care,Defensive,US,False,True,False,False,True,Known-universe stock candidate added from S&P 500,S&P 500,1
WAB,WAB,Wabtec,Stock,Large-cap diversifier,Industrials,Blend,US,False,False,False,False,True,Known-universe stock candidate added from S&P 500,S&P 500,1
WAT,WAT,Waters Corporation,Stock,Defensive large-cap,Health Care,Defensive,US,False,True,False,False,True,Known-universe stock candidate added from S&P 500,S&P 500,1
WEC,WEC,WEC Energy Group,Stock,Defensive large-cap,Utilities,Defensive,US,False,True,True,False,True,Known-universe stock candidate added from S&P 500,S&P 500,1
WELL,WELL,Welltower,Stock,Large-cap diversifier,Real Estate,Blend,US,False,False,True,False,True,Known-universe stock candidate added from S&P 500,S&P 500,1
WFC,WFC,Wells Fargo,Stock,Financial quality,Financials,Blend,US,False,False,False,False,True,Known-universe stock candidate added from S&P 500,S&P 500,1
WMB,WMB,Williams Companies,Stock,Large-cap diversifier,Energy,Blend,US,False,False,False,False,True,Known-universe stock candidate added from S&P 500,S&P 500,1
WMT,WMT,Walmart Inc.,Stock,Defensive compounder,Consumer Defensive,Defensive,US,False,True,False,False,True,Defensive retail exposure with resilient cash flow,Curated stock list,1
WRB,WRB,W. R. Berkley Corporation,Stock,Financial quality,Financials,Blend,US,False,False,False,False,True,Known-universe stock candidate added from S&P 500,S&P 500,1
WSM,WSM,"Williams-Sonoma, Inc.",Stock,Large-cap diversifier,Consumer Discretionary,Blend,US,False,False,False,False,True,Known-universe stock candidate added from S&P 500,S&P 500,1
WST,WST,West Pharmaceutical Services,Stock,Defensive large-cap,Health Care,Defensive,US,False,True,False,False,True,Known-universe stock candidate added from S&P 500,S&P 500,1
WTW,WTW,Willis Towers Watson,Stock,Financial quality,Financials,Blend,US,False,False,False,False,True,Known-universe stock candidate added from S&P 500,S&P 500,1
WY,WY,Weyerhaeuser,Stock,Large-cap diversifier,Real Estate,Blend,US,False,False,True,False,True,Known-universe stock candidate added from S&P 500,S&P 500,1
WYNN,WYNN,Wynn Resorts,Stock,Large-cap diversifier,Consumer Discretionary,Blend,US,False,False,False,False,True,Known-universe stock candidate added from S&P 500,S&P 500,1
XYL,XYL,Xylem Inc.,Stock,Large-cap diversifier,Industrials,Blend,US,False,False,False,False,True,Known-universe stock candidate added from S&P 500,S&P 500,1
XYZ,XYZ,"Block, Inc.",Stock,Financial quality,Financials,Blend,US,False,False,False,False,True,Known-universe stock candidate added from S&P 500,S&P 500,1
YUM,YUM,Yum! Brands,Stock,Large-cap diversifier,Consumer Discretionary,Blend,US,False,False,False,False,True,Known-universe stock candidate added from S&P 500,S&P 500,1
ZBH,ZBH,Zimmer Biomet,Stock,Defensive large-cap,Health Care,Defensive,US,False,True,False,False,True,Known-universe stock candidate added from S&P 500,S&P 500,1
ZBRA,ZBRA,Zebra Technologies,Stock,Large-cap diversifier,Information Technology,Blend,US,False,False,False,False,True,Known-universe stock candidate added from S&P 500,S&P 500,1
ZS,ZS,Zscaler,Stock,Quality growth,Technology,Growth,US,False,False,False,True,True,Known-universe stock candidate added from Nasdaq-100,Nasdaq-100,1
ZTS,ZTS,Zoetis,Stock,Defensive large-cap,Health Care,Defensive,US,False,True,False,False,True,Known-universe stock candidate added from S&P 500,S&P 500,1
