Activity Date,Process Date,Settle Date,Instrument,Description,Trans Code,Quantity,Price,Amount,Namount
8/10/20,8/10/20,8/10/20,AAPL,Apple\nCUSIP: 037833100,REC,1,,,$0.00
8/15/20,8/15/20,8/15/20,,ACH Deposit,ACH,,,$375.00,$0.00
8/18/20,8/18/20,8/20/20,VOO,Vanguard S&P 500 ETF\nCUSIP: 922908363,Buy,0.139314,$333.79,($46.50),$46.50
8/20/20,8/20/20,8/22/20,VOO,Vanguard S&P 500 ETF\nCUSIP: 922908363,Buy,0.094602,$334.74,($31.67),$31.67
8/25/20,8/25/20,8/27/20,AVGO,Broadcom\nCUSIP: 11135F101,Buy,0.089378,$489.88,($43.78),$43.78
8/27/20,8/27/20,8/29/20,GOOGL,Alphabet Class A\nCUSIP: 02079K305,Buy,0.403043,$73.60,($29.66),$29.66
8/28/20,8/28/20,8/28/20,,Interest Payment,INT,,,$0.03,$0.00
9/1/20,9/1/20,9/1/20,,ACH Deposit,ACH,,,$779.00,$0.00
9/1/20,9/1/20,9/3/20,GOOGL,Alphabet Class A\nCUSIP: 02079K305,Buy,2.055644,$74.06,($152.24),$152.24
9/3/20,9/3/20,9/5/20,AAPL,Apple\nCUSIP: 037833100,Buy,1.403328,$122.02,($171.23),$171.23
9/8/20,9/8/20,9/10/20,AMZN,Amazon\nCUSIP: 023135106,Buy,0.717586,$99.23,($71.21),$71.21
9/10/20,9/10/20,9/12/20,META,Meta Platforms\nCUSIP: 30303M102,Buy,0.361357,$162.05,($58.56),$58.56
9/12/20,9/12/20,9/12/20,VOO,Cash Div: R/D 2020-09-12 P/D 2020-09-12 - 0.233916 shares at 0.9833,CDIV,,,$0.23,$0.00
9/15/20,9/15/20,9/15/20,,ACH Deposit,ACH,,,$820.00,$0.00
9/15/20,9/15/20,9/17/20,BRK.B,Berkshire Hathaway Class B\nCUSIP: 084670702,Buy,0.52265,$261.94,($136.90),$136.90
9/17/20,9/17/20,9/19/20,MSFT,Microsoft\nCUSIP: 594918104,Buy,0.959327,$216.26,($207.46),$207.46
9/22/20,9/22/20,9/24/20,META,Meta Platforms\nCUSIP: 30303M102,Buy,1.073999,$164.52,($176.69),$176.69
9/24/20,9/24/20,9/26/20,AAPL,Apple\nCUSIP: 037833100,Buy,1.259002,$125.20,($157.63),$157.63
9/28/20,9/28/20,9/28/20,,Interest Payment,INT,,,$0.08,$0.00
9/29/20,9/29/20,10/1/20,META,Meta Platforms\nCUSIP: 30303M102,Buy,0.441648,$165.84,($73.24),$73.24
10/1/20,10/1/20,10/1/20,,ACH Deposit,ACH,,,"$1,036.00",$0.00
10/1/20,10/1/20,10/3/20,AMZN,Amazon\nCUSIP: 023135106,Buy,3.111528,$102.19,($317.97),$317.97
10/2/20,10/2/20,10/4/20,AVGO,Broadcom\nCUSIP: 11135F101,Sell,0.02,$516.12,$10.32,$10.32
10/6/20,10/6/20,10/8/20,V,Visa\nCUSIP: 92826C839,Buy,0.927919,$204.10,($189.39),$189.39
10/8/20,10/8/20,10/10/20,QQQ,Invesco QQQ Trust\nCUSIP: 46090E103,Buy,0.699511,$314.31,($219.86),$219.86
10/12/20,10/12/20,10/12/20,MSFT,Cash Div: R/D 2020-10-12 P/D 2020-10-12 - 0.959327 shares at 0.3336,CDIV,,,$0.32,$0.00
10/13/20,10/13/20,10/15/20,MSFT,Microsoft\nCUSIP: 594918104,Buy,0.479183,$222.44,($106.59),$106.59
10/15/20,10/15/20,10/15/20,,ACH Deposit,ACH,,,"$1,085.00",$0.00
10/15/20,10/15/20,10/17/20,META,Meta Platforms\nCUSIP: 30303M102,Buy,1.296263,$168.48,($218.39),$218.39
10/20/20,10/20/20,10/22/20,QQQ,Invesco QQQ Trust\nCUSIP: 46090E103,Buy,0.818991,$317.89,($260.35),$260.35
10/22/20,10/22/20,10/24/20,GOOGL,Alphabet Class A\nCUSIP: 02079K305,Buy,3.68409,$77.68,($286.18),$286.18
10/27/20,10/27/20,10/29/20,TSLA,Tesla\nCUSIP: 88160R101,Buy,1.28557,$200.15,($257.31),$257.31
10/27/20,10/27/20,10/27/20,AVGO,Cash Div: R/D 2020-10-27 P/D 2020-10-27 - 0.069378 shares at 1.4414,CDIV,,,$0.10,$0.00
10/27/20,10/27/20,10/27/20,VOO,Cash Div: R/D 2020-10-27 P/D 2020-10-27 - 0.233916 shares at 0.9833,CDIV,,,$0.23,$0.00
10/28/20,10/28/20,10/28/20,,Interest Payment,INT,,,$0.11,$0.00
10/29/20,10/29/20,10/31/20,MSFT,Microsoft\nCUSIP: 594918104,Buy,0.414447,$225.22,($93.34),$93.34
11/1/20,11/1/20,11/1/20,,ACH Deposit,ACH,,,$960.00,$0.00
11/3/20,11/3/20,11/5/20,MSFT,Microsoft\nCUSIP: 594918104,Buy,1.102995,$225.92,($249.19),$249.19
11/5/20,11/5/20,11/7/20,V,Visa\nCUSIP: 92826C839,Buy,1.193113,$208.54,($248.81),$248.81
11/10/20,11/10/20,11/12/20,AAPL,Apple\nCUSIP: 037833100,Buy,1.836329,$129.81,($238.37),$238.37
11/12/20,11/12/20,11/14/20,BRK.B,Berkshire Hathaway Class B\nCUSIP: 084670702,Buy,0.748744,$273.69,($204.92),$204.92
11/12/20,11/12/20,11/12/20,AVGO,Cash Div: R/D 2020-11-12 P/D 2020-11-12 - 0.069378 shares at 1.4414,CDIV,,,$0.10,$0.00
11/12/20,11/12/20,11/12/20,V,Cash Div: R/D 2020-11-12 P/D 2020-11-12 - 2.121032 shares at 0.2829,CDIV,,,$0.60,$0.00
11/15/20,11/15/20,11/15/20,,ACH Deposit,ACH,,,$862.00,$0.00
11/17/20,11/17/20,11/19/20,NVDA,NVIDIA\nCUSIP: 67066G104,Buy,1.65284,$146.26,($241.74),$241.74
11/19/20,11/19/20,11/21/20,QQQ,Invesco QQQ Trust\nCUSIP: 46090E103,Buy,0.567864,$323.94,($183.95),$183.95
11/24/20,11/24/20,11/26/20,NVDA,NVIDIA\nCUSIP: 67066G104,Buy,1.19992,$146.36,($175.62),$175.62
11/26/20,11/26/20,11/28/20,BRK.B,Berkshire Hathaway Class B\nCUSIP: 084670702,Buy,0.892966,$274.59,($245.20),$245.20
11/27/20,11/27/20,11/27/20,AAPL,Cash Div: R/D 2020-11-27 P/D 2020-11-27 - 4.498659 shares at 0.1334,CDIV,,,$0.60,$0.00
11/28/20,11/28/20,11/28/20,,Interest Payment,INT,,,$0.10,$0.00
12/1/20,12/1/20,12/1/20,,ACH Deposit,ACH,,,$930.00,$0.00
12/1/20,12/1/20,12/3/20,MSFT,Microsoft\nCUSIP: 594918104,Buy,0.72457,$228.37,($165.47),$165.47
12/3/20,12/3/20,12/5/20,MSFT,Microsoft\nCUSIP: 594918104,Buy,1.656492,$228.47,($378.46),$378.46
12/8/20,12/8/20,12/10/20,QQQ,Invesco QQQ Trust\nCUSIP: 46090E103,Buy,0.58526,$325.80,($190.68),$190.68
12/10/20,12/10/20,12/12/20,AMZN,Amazon\nCUSIP: 023135106,Buy,1.58816,$106.77,($169.57),$169.57
12/15/20,12/15/20,12/15/20,,ACH Deposit,ACH,,,$732.00,$0.00
12/15/20,12/15/20,12/17/20,V,Visa\nCUSIP: 92826C839,Buy,1.695592,$210.48,($356.89),$356.89
12/17/20,12/17/20,12/19/20,GOOGL,Alphabet Class A\nCUSIP: 02079K305,Buy,1.825935,$78.54,($143.41),$143.41
12/22/20,12/22/20,12/24/20,GOOGL,Alphabet Class A\nCUSIP: 02079K305,Buy,1.158492,$78.49,($90.93),$90.93
12/24/20,12/24/20,12/26/20,VOO,Vanguard S&P 500 ETF\nCUSIP: 922908363,Buy,0.496271,$365.57,($181.42),$181.42
12/27/20,12/27/20,12/27/20,MSFT,Cash Div: R/D 2020-12-27 P/D 2020-12-27 - 5.337014 shares at 0.3335,CDIV,,,$1.78,$0.00
12/27/20,12/27/20,12/27/20,VOO,Cash Div: R/D 2020-12-27 P/D 2020-12-27 - 0.730187 shares at 0.986,CDIV,,,$0.72,$0.00
12/28/20,12/28/20,12/28/20,,Interest Payment,INT,,,$0.10,$0.00
12/29/20,12/29/20,12/31/20,AVGO,Broadcom\nCUSIP: 11135F101,Buy,0.269032,$527.17,($141.83),$141.83
12/31/20,12/31/20,1/2/21,V,Visa\nCUSIP: 92826C839,Buy,0.677855,$210.42,($142.63),$142.63
1/1/21,1/1/21,1/1/21,,ACH Deposit,ACH,,,$449.00,$0.00
1/5/21,1/5/21,1/7/21,META,Meta Platforms\nCUSIP: 30303M102,Buy,0.843398,$173.14,($146.03),$146.03
1/7/21,1/7/21,1/9/21,VOO,Vanguard S&P 500 ETF\nCUSIP: 922908363,Buy,0.204394,$365.33,($74.67),$74.67
1/12/21,1/12/21,1/14/21,AAPL,Apple\nCUSIP: 037833100,Buy,0.848691,$130.60,($110.84),$110.84
1/14/21,1/14/21,1/16/21,GOOGL,Alphabet Class A\nCUSIP: 02079K305,Buy,1.84687,$78.19,($144.41),$144.41
1/15/21,1/15/21,1/15/21,,ACH Deposit,ACH,,,"$1,177.00",$0.00
1/19/21,1/19/21,1/21/21,BRK.B,Berkshire Hathaway Class B\nCUSIP: 084670702,Buy,0.589913,$273.94,($161.60),$161.60
1/21/21,1/21/21,1/23/21,BRK.B,Berkshire Hathaway Class B\nCUSIP: 084670702,Buy,1.192234,$273.90,($326.55),$326.55
1/26/21,1/26/21,1/28/21,GOOGL,Alphabet Class A\nCUSIP: 02079K305,Buy,1.640365,$78.06,($128.05),$128.05
1/27/21,1/27/21,1/27/21,NVDA,Cash Div: R/D 2021-01-27 P/D 2021-01-27 - 2.852760 shares at 0.0351,CDIV,,,$0.10,$0.00
1/28/21,1/28/21,1/30/21,V,Visa\nCUSIP: 92826C839,Buy,0.641444,$210.22,($134.84),$134.84
1/28/21,1/28/21,1/28/21,,Interest Payment,INT,,,$0.13,$0.00
2/1/21,2/1/21,2/1/21,,ACH Deposit,ACH,,,"$1,152.00",$0.00
2/2/21,2/2/21,2/4/21,BRK.B,Berkshire Hathaway Class B\nCUSIP: 084670702,Buy,1.41952,$273.76,($388.61),$388.61
2/4/21,2/4/21,2/6/21,GOOGL,Alphabet Class A\nCUSIP: 02079K305,Buy,2.780865,$78.01,($216.94),$216.94
2/9/21,2/9/21,2/11/21,BRK.B,Berkshire Hathaway Class B\nCUSIP: 084670702,Buy,0.486696,$273.83,($133.27),$133.27
2/11/21,2/11/21,2/13/21,AAPL,Apple\nCUSIP: 037833100,Buy,1.793741,$130.71,($234.46),$234.46
2/12/21,2/12/21,2/12/21,AAPL,Cash Div: R/D 2021-02-12 P/D 2021-02-12 - 7.141091 shares at 0.133,CDIV,,,$0.95,$0.00
2/12/21,2/12/21,2/12/21,NVDA,Cash Div: R/D 2021-02-12 P/D 2021-02-12 - 2.852760 shares at 0.0351,CDIV,,,$0.10,$0.00
2/15/21,2/15/21,2/15/21,,ACH Deposit,ACH,,,$590.00,$0.00
2/16/21,2/16/21,2/18/21,TSLA,Tesla\nCUSIP: 88160R101,Buy,0.844995,$200.50,($169.42),$169.42
2/18/21,2/18/21,2/20/21,GOOGL,Alphabet Class A\nCUSIP: 02079K305,Buy,1.798941,$78.05,($140.41),$140.41
2/19/21,2/19/21,2/21/21,QQQ,Invesco QQQ Trust\nCUSIP: 46090E103,Sell,0.781499,$333.42,$260.57,$260.57
2/23/21,2/23/21,2/25/21,AMZN,Amazon\nCUSIP: 023135106,Buy,1.730039,$108.05,($186.93),$186.93
2/25/21,2/25/21,2/27/21,GOOGL,Alphabet Class A\nCUSIP: 02079K305,Buy,2.307621,$78.14,($180.32),$180.32
2/27/21,2/27/21,2/27/21,V,Cash Div: R/D 2021-02-27 P/D 2021-02-27 - 5.135923 shares at 0.2843,CDIV,,,$1.46,$0.00
2/28/21,2/28/21,2/28/21,,Interest Payment,INT,,,$0.16,$0.00
3/1/21,3/1/21,3/1/21,,ACH Deposit,ACH,,,$452.00,$0.00
3/2/21,3/2/21,3/4/21,MSFT,Microsoft\nCUSIP: 594918104,Buy,1.253872,$231.09,($289.76),$289.76
3/4/21,3/4/21,3/6/21,NVDA,NVIDIA\nCUSIP: 67066G104,Buy,2.302294,$144.98,($333.79),$333.79
3/9/21,3/9/21,3/11/21,META,Meta Platforms\nCUSIP: 30303M102,Buy,0.803384,$175.37,($140.89),$140.89
3/11/21,3/11/21,3/13/21,BRK.B,Berkshire Hathaway Class B\nCUSIP: 084670702,Buy,0.684226,$276.05,($188.88),$188.88
3/12/21,3/12/21,3/12/21,MSFT,Cash Div: R/D 2021-03-12 P/D 2021-03-12 - 6.590886 shares at 0.3338,CDIV,,,$2.20,$0.00
3/15/21,3/15/21,3/15/21,,ACH Deposit,ACH,,,$487.00,$0.00
3/16/21,3/16/21,3/18/21,AMZN,Amazon\nCUSIP: 023135106,Buy,1.153373,$109.38,($126.16),$126.16
3/18/21,3/18/21,3/20/21,BRK.B,Berkshire Hathaway Class B\nCUSIP: 084670702,Buy,0.437115,$277.11,($121.13),$121.13
3/23/21,3/23/21,3/25/21,META,Meta Platforms\nCUSIP: 30303M102,Buy,0.657278,$177.08,($116.39),$116.39
3/25/21,3/25/21,3/27/21,AMZN,Amazon\nCUSIP: 023135106,Buy,1.339329,$110.20,($147.59),$147.59
3/27/21,3/27/21,3/27/21,AAPL,Cash Div: R/D 2021-03-27 P/D 2021-03-27 - 7.141091 shares at 0.133,CDIV,,,$0.95,$0.00
3/27/21,3/27/21,3/27/21,V,Cash Div: R/D 2021-03-27 P/D 2021-03-27 - 5.135923 shares at 0.2843,CDIV,,,$1.46,$0.00
3/27/21,3/27/21,3/27/21,VOO,Cash Div: R/D 2021-03-27 P/D 2021-03-27 - 0.934581 shares at 0.9951,CDIV,,,$0.93,$0.00
3/28/21,3/28/21,3/28/21,,Interest Payment,INT,,,$0.09,$0.00
3/30/21,3/30/21,4/1/21,AMZN,Amazon\nCUSIP: 023135106,Buy,0.739347,$110.72,($81.86),$81.86
4/1/21,4/1/21,4/1/21,,ACH Deposit,ACH,,,"$1,072.00",$0.00
4/1/21,4/1/21,4/3/21,TSLA,Tesla\nCUSIP: 88160R101,Buy,1.224227,$204.25,($250.05),$250.05
4/6/21,4/6/21,4/8/21,VOO,Vanguard S&P 500 ETF\nCUSIP: 922908363,Buy,0.903043,$376.46,($339.96),$339.96
4/8/21,4/8/21,4/10/21,META,Meta Platforms\nCUSIP: 30303M102,Buy,1.130719,$179.75,($203.25),$203.25
4/13/21,4/13/21,4/15/21,GOOGL,Alphabet Class A\nCUSIP: 02079K305,Buy,2.255343,$80.32,($181.15),$181.15
4/15/21,4/15/21,4/15/21,,ACH Deposit,ACH,,,$923.00,$0.00
4/15/21,4/15/21,4/17/21,TSLA,Tesla\nCUSIP: 88160R101,Buy,1.952461,$206.78,($403.73),$403.73
4/20/21,4/20/21,4/22/21,GOOGL,Alphabet Class A\nCUSIP: 02079K305,Buy,3.531449,$80.89,($285.66),$285.66
4/22/21,4/22/21,4/24/21,NVDA,NVIDIA\nCUSIP: 67066G104,Buy,0.786232,$149.67,($117.68),$117.68
4/27/21,4/27/21,4/29/21,META,Meta Platforms\nCUSIP: 30303M102,Buy,1.009951,$183.86,($185.69),$185.69
4/27/21,4/27/21,4/27/21,V,Cash Div: R/D 2021-04-27 P/D 2021-04-27 - 5.135923 shares at 0.2843,CDIV,,,$1.46,$0.00
4/28/21,4/28/21,4/28/21,,Interest Payment,INT,,,$0.09,$0.00
4/29/21,4/29/21,5/1/21,AAPL,Apple\nCUSIP: 037833100,Buy,1.134252,$138.15,($156.70),$156.70
5/1/21,5/1/21,5/1/21,,ACH Deposit,ACH,,,$821.00,$0.00
5/4/21,5/4/21,5/6/21,META,Meta Platforms\nCUSIP: 30303M102,Buy,0.961481,$185.60,($178.45),$178.45
5/6/21,5/6/21,5/8/21,GOOGL,Alphabet Class A\nCUSIP: 02079K305,Buy,1.694518,$82.37,($139.58),$139.58
5/11/21,5/11/21,5/13/21,AMZN,Amazon\nCUSIP: 023135106,Buy,1.994783,$116.78,($232.95),$232.95
5/13/21,5/13/21,5/15/21,MSFT,Microsoft\nCUSIP: 594918104,Buy,0.739307,$248.60,($183.79),$183.79
5/15/21,5/15/21,5/15/21,,ACH Deposit,ACH,,,$621.00,$0.00
5/18/21,5/18/21,5/20/21,AAPL,Apple\nCUSIP: 037833100,Buy,0.873167,$141.74,($123.76),$123.76
5/20/21,5/20/21,5/22/21,VOO,Vanguard S&P 500 ETF\nCUSIP: 922908363,Buy,0.594251,$397.50,($236.21),$236.21
5/25/21,5/25/21,5/27/21,MSFT,Microsoft\nCUSIP: 594918104,Buy,0.510159,$253.03,($129.09),$129.09
5/27/21,5/27/21,5/29/21,AMZN,Amazon\nCUSIP: 023135106,Buy,0.569419,$119.67,($68.14),$68.14
5/28/21,5/28/21,5/28/21,,Interest Payment,INT,,,$0.09,$0.00
6/1/21,6/1/21,6/1/21,,ACH Deposit,ACH,,,"$1,030.00",$0.00
6/1/21,6/1/21,6/3/21,META,Meta Platforms\nCUSIP: 30303M102,Buy,1.621434,$193.32,($313.46),$313.46
6/3/21,6/3/21,6/5/21,MSFT,Microsoft\nCUSIP: 594918104,Buy,1.088866,$256.45,($279.24),$279.24
6/8/21,6/8/21,6/10/21,TSLA,Tesla\nCUSIP: 88160R101,Buy,0.689338,$220.83,($152.23),$152.23
6/10/21,6/10/21,6/12/21,BRK.B,Berkshire Hathaway Class B\nCUSIP: 084670702,Buy,0.329179,$304.70,($100.30),$100.30
6/12/21,6/12/21,6/12/21,VOO,Cash Div: R/D 2021-06-12 P/D 2021-06-12 - 2.431875 shares at 0.991,CDIV,,,$2.41,$0.00
6/15/21,6/15/21,6/15/21,,ACH Deposit,ACH,,,$643.00,$0.00
6/15/21,6/15/21,6/17/21,GOOGL,Alphabet Class A\nCUSIP: 02079K305,Buy,2.649464,$86.73,($229.79),$229.79
6/17/21,6/17/21,6/19/21,QQQ,Invesco QQQ Trust\nCUSIP: 46090E103,Buy,0.458385,$377.32,($172.96),$172.96
6/22/21,6/22/21,6/24/21,BRK.B,Berkshire Hathaway Class B\nCUSIP: 084670702,Buy,0.57421,$309.60,($177.78),$177.78
6/24/21,6/24/21,6/26/21,VOO,Vanguard S&P 500 ETF\nCUSIP: 922908363,Buy,0.247326,$417.61,($103.29),$103.29
6/28/21,6/28/21,6/28/21,,Interest Payment,INT,,,$0.10,$0.00
6/29/21,6/29/21,7/1/21,GOOGL,Alphabet Class A\nCUSIP: 02079K305,Buy,1.010456,$88.23,($89.15),$89.15
7/1/21,7/1/21,7/1/21,,ACH Deposit,ACH,,,$836.00,$0.00
7/1/21,7/1/21,7/3/21,AVGO,Broadcom\nCUSIP: 11135F101,Buy,0.317197,$601.20,($190.70),$190.70
7/6/21,7/6/21,7/8/21,QQQ,Invesco QQQ Trust\nCUSIP: 46090E103,Buy,0.628903,$387.75,($243.86),$243.86
7/8/21,7/8/21,7/10/21,TSLA,Tesla\nCUSIP: 88160R101,Buy,0.814869,$229.03,($186.63),$186.63
7/12/21,7/12/21,7/12/21,AAPL,Cash Div: R/D 2021-07-12 P/D 2021-07-12 - 9.148510 shares at 0.1323,CDIV,,,$1.21,$0.00
7/12/21,7/12/21,7/12/21,V,Cash Div: R/D 2021-07-12 P/D 2021-07-12 - 5.135923 shares at 0.2843,CDIV,,,$1.46,$0.00
7/12/21,7/12/21,7/12/21,VOO,Cash Div: R/D 2021-07-12 P/D 2021-07-12 - 2.679201 shares at 0.9891,CDIV,,,$2.65,$0.00
7/13/21,7/13/21,7/15/21,VOO,Vanguard S&P 500 ETF\nCUSIP: 922908363,Buy,0.36556,$427.65,($156.33),$156.33
7/15/21,7/15/21,7/15/21,,ACH Deposit,ACH,,,$605.00,$0.00
7/15/21,7/15/21,7/17/21,MSFT,Microsoft\nCUSIP: 594918104,Buy,0.811204,$271.73,($220.43),$220.43
7/20/21,7/20/21,7/22/21,BRK.B,Berkshire Hathaway Class B\nCUSIP: 084670702,Buy,0.668559,$319.83,($213.83),$213.83
7/22/21,7/22/21,7/24/21,V,Visa\nCUSIP: 92826C839,Buy,0.720353,$248.65,($179.12),$179.12
7/27/21,7/27/21,7/29/21,BRK.B,Berkshire Hathaway Class B\nCUSIP: 084670702,Buy,0.388759,$321.96,($125.16),$125.16
7/28/21,7/28/21,7/28/21,,Interest Payment,INT,,,$0.08,$0.00
7/29/21,7/29/21,7/31/21,V,Visa\nCUSIP: 92826C839,Buy,0.505427,$250.37,($126.54),$126.54
7/30/21,7/30/21,8/1/21,AVGO,Broadcom\nCUSIP: 11135F101,Sell,0.151334,$608.09,$92.02,$92.02
8/1/21,8/1/21,8/1/21,,ACH Deposit,ACH,,,$903.00,$0.00
8/3/21,8/3/21,8/5/21,MSFT,Microsoft\nCUSIP: 594918104,Buy,0.578586,$277.23,($160.40),$160.40
8/5/21,8/5/21,8/7/21,VOO,Vanguard S&P 500 ETF\nCUSIP: 922908363,Buy,0.336595,$437.54,($147.27),$147.27
8/10/21,8/10/21,8/12/21,META,Meta Platforms\nCUSIP: 30303M102,Buy,0.99885,$210.89,($210.65),$210.65
8/12/21,8/12/21,8/14/21,GOOGL,Alphabet Class A\nCUSIP: 02079K305,Buy,2.442803,$91.85,($224.37),$224.37
8/12/21,8/12/21,8/12/21,NVDA,Cash Div: R/D 2021-08-12 P/D 2021-08-12 - 5.941286 shares at 0.0337,CDIV,,,$0.20,$0.00
8/15/21,8/15/21,8/15/21,,ACH Deposit,ACH,,,$655.00,$0.00
8/17/21,8/17/21,8/19/21,TSLA,Tesla\nCUSIP: 88160R101,Buy,1.356863,$236.67,($321.13),$321.13
8/19/21,8/19/21,8/21/21,TSLA,Tesla\nCUSIP: 88160R101,Buy,0.814618,$236.91,($192.99),$192.99
8/24/21,8/24/21,8/26/21,GOOGL,Alphabet Class A\nCUSIP: 02079K305,Buy,1.657471,$92.42,($153.18),$153.18
8/26/21,8/26/21,8/28/21,V,Visa\nCUSIP: 92826C839,Buy,0.270226,$255.48,($69.04),$69.04
8/27/21,8/27/21,8/27/21,MSFT,Cash Div: R/D 2021-08-27 P/D 2021-08-27 - 10.319008 shares at 0.3334,CDIV,,,$3.44,$0.00
8/27/21,8/27/21,8/27/21,V,Cash Div: R/D 2021-08-27 P/D 2021-08-27 - 6.631929 shares at 0.285,CDIV,,,$1.89,$0.00
8/27/21,8/27/21,8/27/21,VOO,Cash Div: R/D 2021-08-27 P/D 2021-08-27 - 3.381356 shares at 0.9907,CDIV,,,$3.35,$0.00
8/28/21,8/28/21,8/28/21,,Interest Payment,INT,,,$0.09,$0.00
8/31/21,8/31/21,9/2/21,TSLA,Tesla\nCUSIP: 88160R101,Buy,0.554298,$238.07,($131.96),$131.96
9/1/21,9/1/21,9/1/21,,ACH Deposit,ACH,,,$435.00,$0.00
9/2/21,9/2/21,9/4/21,QQQ,Invesco QQQ Trust\nCUSIP: 46090E103,Buy,0.383704,$409.83,($157.25),$157.25
9/7/21,9/7/21,9/9/21,AMZN,Amazon\nCUSIP: 023135106,Buy,0.941759,$134.59,($126.75),$126.75
9/9/21,9/9/21,9/11/21,META,Meta Platforms\nCUSIP: 30303M102,Buy,0.483453,$214.64,($103.77),$103.77
9/12/21,9/12/21,9/12/21,VOO,Cash Div: R/D 2021-09-12 P/D 2021-09-12 - 3.381356 shares at 0.9907,CDIV,,,$3.35,$0.00
9/14/21,9/14/21,9/16/21,META,Meta Platforms\nCUSIP: 30303M102,Buy,0.36324,$215.00,($78.10),$78.10
9/15/21,9/15/21,9/15/21,,ACH Deposit,ACH,,,"$1,017.00",$0.00
9/16/21,9/16/21,9/18/21,AAPL,Apple\nCUSIP: 037833100,Buy,2.024433,$159.88,($323.67),$323.67
9/21/21,9/21/21,9/23/21,AAPL,Apple\nCUSIP: 037833100,Buy,1.445355,$160.03,($231.30),$231.30
9/23/21,9/23/21,9/25/21,V,Visa\nCUSIP: 92826C839,Buy,0.767952,$257.76,($197.95),$197.95
9/27/21,9/27/21,9/27/21,NVDA,Cash Div: R/D 2021-09-27 P/D 2021-09-27 - 5.941286 shares at 0.0337,CDIV,,,$0.20,$0.00
9/27/21,9/27/21,9/27/21,VOO,Cash Div: R/D 2021-09-27 P/D 2021-09-27 - 3.381356 shares at 0.9907,CDIV,,,$3.35,$0.00
9/28/21,9/28/21,9/30/21,NVDA,NVIDIA\nCUSIP: 67066G104,Buy,1.189825,$170.10,($202.39),$202.39
9/28/21,9/28/21,9/28/21,,Interest Payment,INT,,,$0.10,$0.00
9/30/21,9/30/21,10/2/21,AAPL,Apple\nCUSIP: 037833100,Buy,0.943615,$160.20,($151.17),$151.17
10/1/21,10/1/21,10/1/21,,ACH Deposit,ACH,,,$734.00,$0.00
10/5/21,10/5/21,10/7/21,VOO,Vanguard S&P 500 ETF\nCUSIP: 922908363,Buy,0.310164,$448.15,($139.00),$139.00
10/7/21,10/7/21,10/9/21,QQQ,Invesco QQQ Trust\nCUSIP: 46090E103,Buy,0.316987,$414.34,($131.34),$131.34
10/12/21,10/12/21,10/14/21,QQQ,Invesco QQQ Trust\nCUSIP: 46090E103,Buy,0.413496,$414.60,($171.44),$171.44
10/14/21,10/14/21,10/16/21,META,Meta Platforms\nCUSIP: 30303M102,Buy,0.304652,$216.00,($65.80),$65.80
10/15/21,10/15/21,10/15/21,,ACH Deposit,ACH,,,$851.00,$0.00
10/15/21,10/15/21,10/17/21,VOO,Vanguard S&P 500 ETF\nCUSIP: 922908363,Sell,1.452515,$455.87,$662.16,$662.16
10/19/21,10/19/21,10/21/21,VOO,Vanguard S&P 500 ETF\nCUSIP: 922908363,Buy,0.524519,$448.10,($235.04),$235.04
10/21/21,10/21/21,10/23/21,BRK.B,Berkshire Hathaway Class B\nCUSIP: 084670702,Buy,1.428568,$330.66,($472.37),$472.37
10/26/21,10/26/21,10/28/21,BRK.B,Berkshire Hathaway Class B\nCUSIP: 084670702,Buy,0.951714,$330.48,($314.52),$314.52
10/28/21,10/28/21,10/30/21,V,Visa\nCUSIP: 92826C839,Buy,0.566679,$257.88,($146.14),$146.14
10/28/21,10/28/21,10/28/21,,Interest Payment,INT,,,$0.15,$0.00
11/1/21,11/1/21,11/1/21,,ACH Deposit,ACH,,,$738.00,$0.00
11/2/21,11/2/21,11/4/21,META,Meta Platforms\nCUSIP: 30303M102,Buy,0.712451,$216.06,($153.93),$153.93
11/4/21,11/4/21,11/6/21,NVDA,NVIDIA\nCUSIP: 67066G104,Buy,1.55844,$168.89,($263.20),$263.20
11/9/21,11/9/21,11/11/21,AMZN,Amazon\nCUSIP: 023135106,Buy,2.275801,$136.11,($309.76),$309.76
11/11/21,11/11/21,11/13/21,AMZN,Amazon\nCUSIP: 023135106,Buy,1.356091,$136.13,($184.60),$184.60
11/15/21,11/15/21,11/15/21,,ACH Deposit,ACH,,,$808.00,$0.00
11/16/21,11/16/21,11/18/21,AAPL,Apple\nCUSIP: 037833100,Buy,1.017486,$160.05,($162.85),$162.85
11/18/21,11/18/21,11/20/21,VOO,Vanguard S&P 500 ETF\nCUSIP: 922908363,Buy,0.412733,$447.60,($184.74),$184.74
11/23/21,11/23/21,11/25/21,BRK.B,Berkshire Hathaway Class B\nCUSIP: 084670702,Buy,0.684673,$329.72,($225.75),$225.75
11/25/21,11/25/21,11/27/21,VOO,Vanguard S&P 500 ETF\nCUSIP: 922908363,Buy,0.428993,$447.73,($192.07),$192.07
11/28/21,11/28/21,11/28/21,,Interest Payment,INT,,,$0.11,$0.00
11/30/21,11/30/21,12/2/21,VOO,Vanguard S&P 500 ETF\nCUSIP: 922908363,Buy,0.232715,$447.94,($104.24),$104.24
12/1/21,12/1/21,12/1/21,,ACH Deposit,ACH,,,$845.00,$0.00
12/2/21,12/2/21,12/4/21,AMZN,Amazon\nCUSIP: 023135106,Buy,2.426286,$136.61,($331.45),$331.45
12/7/21,12/7/21,12/9/21,AMZN,Amazon\nCUSIP: 023135106,Buy,2.355173,$136.81,($322.21),$322.21
12/9/21,12/9/21,12/11/21,AMZN,Amazon\nCUSIP: 023135106,Buy,0.882553,$136.90,($120.82),$120.82
12/10/21,12/10/21,12/12/21,META,Meta Platforms\nCUSIP: 30303M102,Sell,1.763844,$210.80,$371.82,$371.82
12/12/21,12/12/21,12/12/21,AAPL,Cash Div: R/D 2021-12-12 P/D 2021-12-12 - 14.579399 shares at 0.1331,CDIV,,,$1.94,$0.00
12/12/21,12/12/21,12/12/21,VOO,Cash Div: R/D 2021-12-12 P/D 2021-12-12 - 3.837965 shares at 0.9901,CDIV,,,$3.80,$0.00
12/14/21,12/14/21,12/16/21,AAPL,Apple\nCUSIP: 037833100,Buy,1.385277,$160.62,($222.50),$222.50
12/15/21,12/15/21,12/15/21,,ACH Deposit,ACH,,,$801.00,$0.00
12/16/21,12/16/21,12/18/21,META,Meta Platforms\nCUSIP: 30303M102,Buy,0.72703,$217.45,($158.09),$158.09
12/21/21,12/21/21,12/23/21,V,Visa\nCUSIP: 92826C839,Buy,0.650059,$259.24,($168.52),$168.52
12/23/21,12/23/21,12/25/21,V,Visa\nCUSIP: 92826C839,Buy,0.547557,$259.45,($142.06),$142.06
12/24/21,12/24/21,12/26/21,NVDA,NVIDIA\nCUSIP: 67066G104,Sell,3.764413,$174.09,$655.35,$655.35
12/27/21,12/27/21,12/27/21,AAPL,Cash Div: R/D 2021-12-27 P/D 2021-12-27 - 15.964676 shares at 0.1328,CDIV,,,$2.12,$0.00
12/28/21,12/28/21,12/30/21,BRK.B,Berkshire Hathaway Class B\nCUSIP: 084670702,Buy,0.875095,$331.96,($290.50),$290.50
12/28/21,12/28/21,12/28/21,,Interest Payment,INT,,,$0.25,$0.00
12/30/21,12/30/21,1/1/22,AMZN,Amazon\nCUSIP: 023135106,Buy,2.787673,$138.32,($385.59),$385.59
1/1/22,1/1/22,1/1/22,,ACH Deposit,ACH,,,$985.00,$0.00
1/4/22,1/4/22,1/6/22,AAPL,Apple\nCUSIP: 037833100,Buy,2.596601,$162.13,($420.99),$420.99
1/6/22,1/6/22,1/8/22,GOOGL,Alphabet Class A\nCUSIP: 02079K305,Buy,3.771076,$93.13,($351.20),$351.20
1/7/22,1/7/22,1/9/22,V,Visa\nCUSIP: 92826C839,Sell,1.326711,$255.19,$338.56,$338.56
1/11/22,1/11/22,1/13/22,AAPL,Apple\nCUSIP: 037833100,Buy,1.729094,$162.89,($281.65),$281.65
1/12/22,1/12/22,1/12/22,MSFT,Cash Div: R/D 2022-01-12 P/D 2022-01-12 - 10.319008 shares at 0.3334,CDIV,,,$3.44,$0.00
1/12/22,1/12/22,1/12/22,VOO,Cash Div: R/D 2022-01-12 P/D 2022-01-12 - 3.837965 shares at 0.9901,CDIV,,,$3.80,$0.00
1/13/22,1/13/22,1/15/22,GOOGL,Alphabet Class A\nCUSIP: 02079K305,Buy,4.052112,$93.51,($378.91),$378.91
1/15/22,1/15/22,1/15/22,,ACH Deposit,ACH,,,"$1,027.00",$0.00
1/18/22,1/18/22,1/20/22,GOOGL,Alphabet Class A\nCUSIP: 02079K305,Buy,3.646146,$93.83,($342.12),$342.12
1/20/22,1/20/22,1/22/22,QQQ,Invesco QQQ Trust\nCUSIP: 46090E103,Buy,0.475993,$429.57,($204.47),$204.47
1/25/22,1/25/22,1/27/22,AAPL,Apple\nCUSIP: 037833100,Buy,1.140768,$164.82,($188.02),$188.02
1/27/22,1/27/22,1/29/22,VOO,Vanguard S&P 500 ETF\nCUSIP: 922908363,Buy,0.723351,$461.82,($334.06),$334.06
1/28/22,1/28/22,1/28/22,,Interest Payment,INT,,,$0.15,$0.00
2/1/22,2/1/22,2/1/22,,ACH Deposit,ACH,,,$962.00,$0.00
2/1/22,2/1/22,2/3/22,AAPL,Apple\nCUSIP: 037833100,Buy,2.95295,$165.98,($490.13),$490.13
2/3/22,2/3/22,2/5/22,AVGO,Broadcom\nCUSIP: 11135F101,Buy,0.314296,$654.97,($205.85),$205.85
2/8/22,2/8/22,2/10/22,AVGO,Broadcom\nCUSIP: 11135F101,Buy,0.16939,$658.44,($111.53),$111.53
2/10/22,2/10/22,2/12/22,QQQ,Invesco QQQ Trust\nCUSIP: 46090E103,Buy,0.671301,$440.06,($295.41),$295.41
2/12/22,2/12/22,2/12/22,AAPL,Cash Div: R/D 2022-02-12 P/D 2022-02-12 - 24.384089 shares at 0.1329,CDIV,,,$3.24,$0.00
2/15/22,2/15/22,2/15/22,,ACH Deposit,ACH,,,"$1,183.00",$0.00
2/15/22,2/15/22,2/17/22,V,Visa\nCUSIP: 92826C839,Buy,1.980285,$271.58,($537.81),$537.81
2/17/22,2/17/22,2/19/22,TSLA,Tesla\nCUSIP: 88160R101,Buy,0.941004,$247.99,($233.36),$233.36
2/22/22,2/22/22,2/24/22,META,Meta Platforms\nCUSIP: 30303M102,Buy,0.957083,$231.18,($221.26),$221.26
2/24/22,2/24/22,2/26/22,QQQ,Invesco QQQ Trust\nCUSIP: 46090E103,Buy,0.667833,$448.60,($299.59),$299.59
2/28/22,2/28/22,2/28/22,,Interest Payment,INT,,,$0.12,$0.00
3/1/22,3/1/22,3/1/22,,ACH Deposit,ACH,,,$351.00,$0.00
3/1/22,3/1/22,3/3/22,QQQ,Invesco QQQ Trust\nCUSIP: 46090E103,Buy,0.65317,$451.89,($295.16),$295.16
3/3/22,3/3/22,3/5/22,AAPL,Apple\nCUSIP: 037833100,Buy,0.671934,$172.24,($115.73),$115.73
3/8/22,3/8/22,3/10/22,QQQ,Invesco QQQ Trust\nCUSIP: 46090E103,Buy,0.309021,$456.67,($141.12),$141.12
3/10/22,3/10/22,3/12/22,AMZN,Amazon\nCUSIP: 023135106,Buy,0.88955,$150.06,($133.49),$133.49
3/12/22,3/12/22,3/12/22,MSFT,Cash Div: R/D 2022-03-12 P/D 2022-03-12 - 10.319008 shares at 0.3334,CDIV,,,$3.44,$0.00
3/12/22,3/12/22,3/12/22,VOO,Cash Div: R/D 2022-03-12 P/D 2022-03-12 - 4.561316 shares at 0.9909,CDIV,,,$4.52,$0.00
3/15/22,3/15/22,3/15/22,,ACH Deposit,ACH,,,$914.00,$0.00
3/15/22,3/15/22,3/17/22,AAPL,Apple\nCUSIP: 037833100,Buy,1.265574,$175.16,($221.68),$221.68
3/17/22,3/17/22,3/19/22,MSFT,Microsoft\nCUSIP: 594918104,Buy,0.662879,$316.06,($209.51),$209.51
3/22/22,3/22/22,3/24/22,V,Visa\nCUSIP: 92826C839,Buy,0.927253,$284.89,($264.17),$264.17
3/24/22,3/24/22,3/26/22,VOO,Vanguard S&P 500 ETF\nCUSIP: 922908363,Buy,0.221515,$496.22,($109.92),$109.92
3/28/22,3/28/22,3/28/22,,Interest Payment,INT,,,$0.09,$0.00
3/29/22,3/29/22,3/31/22,MSFT,Microsoft\nCUSIP: 594918104,Buy,0.300465,$321.77,($96.68),$96.68
3/31/22,3/31/22,4/2/22,TSLA,Tesla\nCUSIP: 88160R101,Buy,0.350285,$261.54,($91.61),$91.61
4/1/22,4/1/22,4/1/22,,ACH Deposit,ACH,,,$623.00,$0.00
4/5/22,4/5/22,4/7/22,AMZN,Amazon\nCUSIP: 023135106,Buy,1.523458,$156.21,($237.98),$237.98
4/7/22,4/7/22,4/9/22,AVGO,Broadcom\nCUSIP: 11135F101,Buy,0.329376,$710.03,($233.87),$233.87
4/12/22,4/12/22,4/14/22,BRK.B,Berkshire Hathaway Class B\nCUSIP: 084670702,Buy,0.313631,$372.25,($116.75),$116.75
4/14/22,4/14/22,4/16/22,TSLA,Tesla\nCUSIP: 88160R101,Buy,0.275334,$266.23,($73.30),$73.30
4/15/22,4/15/22,4/15/22,,ACH Deposit,ACH,,,$394.00,$0.00
4/19/22,4/19/22,4/21/22,V,Visa\nCUSIP: 92826C839,Buy,0.615363,$296.21,($182.28),$182.28
4/21/22,4/21/22,4/23/22,TSLA,Tesla\nCUSIP: 88160R101,Buy,0.676758,$268.48,($181.70),$181.70
4/26/22,4/26/22,4/28/22,NVDA,NVIDIA\nCUSIP: 67066G104,Buy,0.487683,$189.81,($92.57),$92.57
4/28/22,4/28/22,4/30/22,V,Visa\nCUSIP: 92826C839,Buy,0.134513,$299.60,($40.30),$40.30
4/28/22,4/28/22,4/28/22,,Interest Payment,INT,,,$0.06,$0.00
5/1/22,5/1/22,5/1/22,,ACH Deposit,ACH,,,$508.00,$0.00
5/3/22,5/3/22,5/5/22,MSFT,Microsoft\nCUSIP: 594918104,Buy,0.439295,$337.73,($148.36),$148.36
5/5/22,5/5/22,5/7/22,META,Meta Platforms\nCUSIP: 30303M102,Buy,0.567354,$255.98,($145.23),$145.23
5/6/22,5/6/22,5/8/22,VOO,Vanguard S&P 500 ETF\nCUSIP: 922908363,Sell,1.930269,$544.56,"$1,051.15","$1,051.15"
5/10/22,5/10/22,5/12/22,TSLA,Tesla\nCUSIP: 88160R101,Buy,1.455475,$273.99,($398.79),$398.79
5/12/22,5/12/22,5/14/22,V,Visa\nCUSIP: 92826C839,Buy,0.442057,$304.41,($134.57),$134.57
5/12/22,5/12/22,5/12/22,AAPL,Cash Div: R/D 2022-05-12 P/D 2022-05-12 - 26.321597 shares at 0.1326,CDIV,,,$3.49,$0.00
5/13/22,5/13/22,5/15/22,QQQ,Invesco QQQ Trust\nCUSIP: 46090E103,Sell,1.052095,$514.01,$540.79,$540.79
5/15/22,5/15/22,5/15/22,,ACH Deposit,ACH,,,$520.00,$0.00
5/17/22,5/17/22,5/19/22,VOO,Vanguard S&P 500 ETF\nCUSIP: 922908363,Buy,0.233341,$531.41,($124.00),$124.00
5/19/22,5/19/22,5/21/22,META,Meta Platforms\nCUSIP: 30303M102,Buy,1.691841,$259.98,($439.84),$439.84
5/24/22,5/24/22,5/26/22,NVDA,NVIDIA\nCUSIP: 67066G104,Buy,1.028623,$194.60,($200.17),$200.17
5/26/22,5/26/22,5/28/22,QQQ,Invesco QQQ Trust\nCUSIP: 46090E103,Buy,0.601368,$509.27,($306.26),$306.26
5/27/22,5/27/22,5/27/22,MSFT,Cash Div: R/D 2022-05-27 P/D 2022-05-27 - 11.721647 shares at 0.3327,CDIV,,,$3.90,$0.00
5/27/22,5/27/22,5/27/22,VOO,Cash Div: R/D 2022-05-27 P/D 2022-05-27 - 3.085903 shares at 0.9916,CDIV,,,$3.06,$0.00
5/27/22,5/27/22,5/29/22,GOOGL,Alphabet Class A\nCUSIP: 02079K305,Sell,9.218225,$109.87,"$1,012.81","$1,012.81"
5/28/22,5/28/22,5/28/22,,Interest Payment,INT,,,$0.26,$0.00
5/31/22,5/31/22,6/2/22,V,Visa\nCUSIP: 92826C839,Buy,1.588492,$309.75,($492.04),$492.04
6/1/22,6/1/22,6/1/22,,ACH Deposit,ACH,,,$511.00,$0.00
6/2/22,6/2/22,6/4/22,MSFT,Microsoft\nCUSIP: 594918104,Buy,0.957804,$348.24,($333.55),$333.55
6/7/22,6/7/22,6/9/22,QQQ,Invesco QQQ Trust\nCUSIP: 46090E103,Buy,0.854548,$514.66,($439.80),$439.80
6/9/22,6/9/22,6/11/22,V,Visa\nCUSIP: 92826C839,Buy,0.994555,$311.72,($310.02),$310.02
6/14/22,6/14/22,6/16/22,QQQ,Invesco QQQ Trust\nCUSIP: 46090E103,Buy,0.17844,$517.31,($92.31),$92.31
6/15/22,6/15/22,6/15/22,,ACH Deposit,ACH,,,"$1,052.00",$0.00
6/16/22,6/16/22,6/18/22,VOO,Vanguard S&P 500 ETF\nCUSIP: 922908363,Buy,0.906469,$543.61,($492.77),$492.77
6/21/22,6/21/22,6/23/22,AMZN,Amazon\nCUSIP: 023135106,Buy,1.915388,$170.21,($326.02),$326.02
6/23/22,6/23/22,6/25/22,META,Meta Platforms\nCUSIP: 30303M102,Buy,0.547952,$266.88,($146.24),$146.24
6/27/22,6/27/22,6/27/22,AVGO,Cash Div: R/D 2022-06-27 P/D 2022-06-27 - 1.317335 shares at 1.4423,CDIV,,,$1.90,$0.00
6/27/22,6/27/22,6/27/22,V,Cash Div: R/D 2022-06-27 P/D 2022-06-27 - 14.519983 shares at 0.2851,CDIV,,,$4.14,$0.00
6/28/22,6/28/22,6/30/22,AAPL,Apple\nCUSIP: 037833100,Buy,0.749156,$195.42,($146.40),$146.40
6/28/22,6/28/22,6/28/22,,Interest Payment,INT,,,$0.14,$0.00
6/30/22,6/30/22,7/2/22,AVGO,Broadcom\nCUSIP: 11135F101,Buy,0.178528,$763.26,($136.26),$136.26
7/1/22,7/1/22,7/1/22,,ACH Deposit,ACH,,,$652.00,$0.00
7/5/22,7/5/22,7/7/22,TSLA,Tesla\nCUSIP: 88160R101,Buy,0.57413,$282.52,($162.20),$162.20
7/7/22,7/7/22,7/9/22,BRK.B,Berkshire Hathaway Class B\nCUSIP: 084670702,Buy,0.740249,$398.15,($294.73),$294.73
7/12/22,7/12/22,7/14/22,AMZN,Amazon\nCUSIP: 023135106,Buy,1.293328,$171.76,($222.14),$222.14
7/12/22,7/12/22,7/12/22,VOO,Cash Div: R/D 2022-07-12 P/D 2022-07-12 - 3.992372 shares at 0.9894,CDIV,,,$3.95,$0.00
7/14/22,7/14/22,7/16/22,MSFT,Microsoft\nCUSIP: 594918104,Buy,0.237983,$355.55,($84.61),$84.61
7/15/22,7/15/22,7/15/22,,ACH Deposit,ACH,,,"$1,042.00",$0.00
7/18/22,7/18/22,7/18/22,GOOGL,Alphabet Class A\nCUSIP: 02079K305,SPL,702.895101,,,$0.00
7/19/22,7/19/22,7/21/22,TSLA,Tesla\nCUSIP: 88160R101,Buy,1.480122,$282.76,($418.52),$418.52
7/21/22,7/21/22,7/23/22,META,Meta Platforms\nCUSIP: 30303M102,Buy,0.478685,$269.17,($128.85),$128.85
7/26/22,7/26/22,7/28/22,MSFT,Microsoft\nCUSIP: 594918104,Buy,0.529787,$356.22,($188.72),$188.72
7/27/22,7/27/22,7/27/22,AVGO,Cash Div: R/D 2022-07-27 P/D 2022-07-27 - 1.495863 shares at 1.4373,CDIV,,,$2.15,$0.00
7/28/22,7/28/22,7/30/22,AAPL,Apple\nCUSIP: 037833100,Buy,0.95638,$196.46,($187.89),$187.89
7/28/22,7/28/22,7/28/22,,Interest Payment,INT,,,$0.13,$0.00
8/1/22,8/1/22,8/1/22,,ACH Deposit,ACH,,,$974.00,$0.00
8/2/22,8/2/22,8/4/22,GOOGL,Alphabet Class A\nCUSIP: 02079K305,Buy,3.06491,$109.94,($336.96),$336.96
8/4/22,8/4/22,8/6/22,V,Visa\nCUSIP: 92826C839,Buy,1.067895,$316.34,($337.82),$337.82
8/9/22,8/9/22,8/11/22,NVDA,NVIDIA\nCUSIP: 67066G104,Buy,0.513587,$197.12,($101.24),$101.24
8/11/22,8/11/22,8/13/22,V,Visa\nCUSIP: 92826C839,Buy,0.330076,$316.28,($104.40),$104.40
8/15/22,8/15/22,8/15/22,,ACH Deposit,ACH,,,"$1,094.00",$0.00
8/16/22,8/16/22,8/18/22,NVDA,NVIDIA\nCUSIP: 67066G104,Buy,2.30734,$196.81,($454.11),$454.11
8/18/22,8/18/22,8/20/22,V,Visa\nCUSIP: 92826C839,Buy,0.900228,$316.17,($284.63),$284.63
8/23/22,8/23/22,8/25/22,VOO,Vanguard S&P 500 ETF\nCUSIP: 922908363,Buy,0.332334,$548.98,($182.44),$182.44
8/25/22,8/25/22,8/27/22,GOOGL,Alphabet Class A\nCUSIP: 02079K305,Buy,2.109185,$109.53,($231.02),$231.02
8/27/22,8/27/22,8/27/22,VOO,Cash Div: R/D 2022-08-27 P/D 2022-08-27 - 4.324706 shares at 0.9897,CDIV,,,$4.28,$0.00
8/28/22,8/28/22,8/28/22,,Interest Payment,INT,,,$0.11,$0.00
8/30/22,8/30/22,9/1/22,V,Visa\nCUSIP: 92826C839,Buy,0.26988,$315.98,($85.28),$85.28
9/1/22,9/1/22,9/1/22,,ACH Deposit,ACH,,,"$1,004.00",$0.00
9/1/22,9/1/22,9/3/22,AVGO,Broadcom\nCUSIP: 11135F101,Buy,0.205606,$763.01,($156.88),$156.88
9/6/22,9/6/22,9/8/22,NVDA,NVIDIA\nCUSIP: 67066G104,Buy,1.747741,$195.89,($342.36),$342.36
9/8/22,9/8/22,9/10/22,BRK.B,Berkshire Hathaway Class B\nCUSIP: 084670702,Buy,0.376091,$397.20,($149.38),$149.38
9/12/22,9/12/22,9/12/22,MSFT,Cash Div: R/D 2022-09-12 P/D 2022-09-12 - 13.447221 shares at 0.3332,CDIV,,,$4.48,$0.00
9/12/22,9/12/22,9/12/22,V,Cash Div: R/D 2022-09-12 P/D 2022-09-12 - 17.088062 shares at 0.285,CDIV,,,$4.87,$0.00
9/12/22,9/12/22,9/12/22,VOO,Cash Div: R/D 2022-09-12 P/D 2022-09-12 - 4.324706 shares at 0.9897,CDIV,,,$4.28,$0.00
9/13/22,9/13/22,9/15/22,NVDA,NVIDIA\nCUSIP: 67066G104,Buy,1.007547,$195.67,($197.15),$197.15
9/15/22,9/15/22,9/15/22,,ACH Deposit,ACH,,,$462.00,$0.00
9/15/22,9/15/22,9/17/22,QQQ,Invesco QQQ Trust\nCUSIP: 46090E103,Buy,0.530246,$528.70,($280.34),$280.34
9/20/22,9/20/22,9/22/22,GOOGL,Alphabet Class A\nCUSIP: 02079K305,Buy,0.952177,$109.21,($103.99),$103.99
9/22/22,9/22/22,9/24/22,AMZN,Amazon\nCUSIP: 023135106,Buy,0.542711,$173.45,($94.13),$94.13
9/27/22,9/27/22,9/29/22,VOO,Vanguard S&P 500 ETF\nCUSIP: 922908363,Buy,0.159293,$549.60,($87.55),$87.55
9/28/22,9/28/22,9/28/22,,Interest Payment,INT,,,$0.11,$0.00
9/29/22,9/29/22,10/1/22,QQQ,Invesco QQQ Trust\nCUSIP: 46090E103,Buy,0.272155,$530.54,($144.39),$144.39
10/1/22,10/1/22,10/1/22,,ACH Deposit,ACH,,,$412.00,$0.00
10/4/22,10/4/22,10/6/22,V,Visa\nCUSIP: 92826C839,Buy,0.782918,$316.94,($248.14),$248.14
10/6/22,10/6/22,10/8/22,MSFT,Microsoft\nCUSIP: 594918104,Buy,0.398857,$358.69,($143.07),$143.07
10/7/22,10/7/22,10/9/22,MSFT,Microsoft\nCUSIP: 594918104,Sell,2.339297,$354.87,$830.15,$830.15
10/11/22,10/11/22,10/13/22,NVDA,NVIDIA\nCUSIP: 67066G104,Buy,1.007346,$195.73,($197.17),$197.17
10/13/22,10/13/22,10/15/22,MSFT,Microsoft\nCUSIP: 594918104,Buy,0.705853,$359.72,($253.91),$253.91
10/15/22,10/15/22,10/15/22,,ACH Deposit,ACH,,,"$1,137.00",$0.00
10/18/22,10/18/22,10/20/22,BRK.B,Berkshire Hathaway Class B\nCUSIP: 084670702,Buy,1.018131,$399.59,($406.83),$406.83
10/20/22,10/20/22,10/22/22,V,Visa\nCUSIP: 92826C839,Buy,1.301688,$318.91,($415.12),$415.12
10/25/22,10/25/22,10/27/22,TSLA,Tesla\nCUSIP: 88160R101,Buy,0.753841,$282.68,($213.10),$213.10
10/27/22,10/27/22,10/29/22,TSLA,Tesla\nCUSIP: 88160R101,Buy,0.570122,$282.96,($161.32),$161.32
10/27/22,10/27/22,10/27/22,AVGO,Cash Div: R/D 2022-10-27 P/D 2022-10-27 - 1.701469 shares at 1.4399,CDIV,,,$2.45,$0.00
10/27/22,10/27/22,10/27/22,V,Cash Div: R/D 2022-10-27 P/D 2022-10-27 - 19.172668 shares at 0.2848,CDIV,,,$5.46,$0.00
10/28/22,10/28/22,10/28/22,,Interest Payment,INT,,,$0.13,$0.00
11/1/22,11/1/22,11/1/22,,ACH Deposit,ACH,,,$731.00,$0.00
11/1/22,11/1/22,11/3/22,NVDA,NVIDIA\nCUSIP: 67066G104,Buy,1.558811,$197.19,($307.38),$307.38
11/3/22,11/3/22,11/5/22,BRK.B,Berkshire Hathaway Class B\nCUSIP: 084670702,Buy,0.636848,$403.10,($256.71),$256.71
11/8/22,11/8/22,11/10/22,QQQ,Invesco QQQ Trust\nCUSIP: 46090E103,Buy,0.531884,$543.86,($289.27),$289.27
11/10/22,11/10/22,11/12/22,VOO,Vanguard S&P 500 ETF\nCUSIP: 922908363,Buy,0.151579,$561.86,($85.17),$85.17
11/12/22,11/12/22,11/12/22,AAPL,Cash Div: R/D 2022-11-12 P/D 2022-11-12 - 28.027133 shares at 0.1327,CDIV,,,$3.72,$0.00
11/12/22,11/12/22,11/12/22,NVDA,Cash Div: R/D 2022-11-12 P/D 2022-11-12 - 14.583816 shares at 0.0336,CDIV,,,$0.49,$0.00
11/15/22,11/15/22,11/15/22,,ACH Deposit,ACH,,,$919.00,$0.00
11/15/22,11/15/22,11/17/22,META,Meta Platforms\nCUSIP: 30303M102,Buy,0.636888,$278.56,($177.41),$177.41
11/17/22,11/17/22,11/19/22,GOOGL,Alphabet Class A\nCUSIP: 02079K305,Buy,3.04471,$111.69,($340.06),$340.06
11/22/22,11/22/22,11/24/22,AVGO,Broadcom\nCUSIP: 11135F101,Buy,0.291381,$786.25,($229.10),$229.10
11/24/22,11/24/22,11/26/22,AAPL,Apple\nCUSIP: 037833100,Buy,0.920859,$203.62,($187.51),$187.51
11/27/22,11/27/22,11/27/22,AAPL,Cash Div: R/D 2022-11-27 P/D 2022-11-27 - 28.947992 shares at 0.1327,CDIV,,,$3.84,$0.00
11/28/22,11/28/22,11/28/22,,Interest Payment,INT,,,$0.10,$0.00
11/29/22,11/29/22,12/1/22,NVDA,NVIDIA\nCUSIP: 67066G104,Buy,0.739861,$201.35,($148.97),$148.97
12/1/22,12/1/22,12/1/22,,ACH Deposit,ACH,,,$495.00,$0.00
12/1/22,12/1/22,12/3/22,VOO,Vanguard S&P 500 ETF\nCUSIP: 922908363,Buy,0.22059,$573.91,($126.60),$126.60
12/6/22,12/6/22,12/8/22,GOOGL,Alphabet Class A\nCUSIP: 02079K305,Buy,1.346207,$113.78,($153.17),$153.17
12/8/22,12/8/22,12/10/22,NVDA,NVIDIA\nCUSIP: 67066G104,Buy,0.643611,$203.19,($130.78),$130.78
12/12/22,12/12/22,12/12/22,MSFT,Cash Div: R/D 2022-12-12 P/D 2022-12-12 - 12.212634 shares at 0.3333,CDIV,,,$4.07,$0.00
12/12/22,12/12/22,12/12/22,NVDA,Cash Div: R/D 2022-12-12 P/D 2022-12-12 - 15.967288 shares at 0.0338,CDIV,,,$0.54,$0.00
12/12/22,12/12/22,12/12/22,V,Cash Div: R/D 2022-12-12 P/D 2022-12-12 - 19.172668 shares at 0.2848,CDIV,,,$5.46,$0.00
12/13/22,12/13/22,12/15/22,AMZN,Amazon\nCUSIP: 023135106,Buy,0.665025,$185.77,($123.54),$123.54
12/15/22,12/15/22,12/15/22,,ACH Deposit,ACH,,,$971.00,$0.00
12/15/22,12/15/22,12/17/22,V,Visa\nCUSIP: 92826C839,Buy,0.724873,$336.21,($243.71),$243.71
12/20/22,12/20/22,12/22/22,META,Meta Platforms\nCUSIP: 30303M102,Buy,0.727919,$290.75,($211.64),$211.64
12/22/22,12/22/22,12/24/22,QQQ,Invesco QQQ Trust\nCUSIP: 46090E103,Buy,0.368598,$574.54,($211.77),$211.77
12/27/22,12/27/22,12/29/22,GOOGL,Alphabet Class A\nCUSIP: 02079K305,Buy,1.226483,$116.68,($143.11),$143.11
12/27/22,12/27/22,12/27/22,AAPL,Cash Div: R/D 2022-12-27 P/D 2022-12-27 - 28.947992 shares at 0.1327,CDIV,,,$3.84,$0.00
12/27/22,12/27/22,12/27/22,V,Cash Div: R/D 2022-12-27 P/D 2022-12-27 - 19.897541 shares at 0.285,CDIV,,,$5.67,$0.00
12/28/22,12/28/22,12/28/22,,Interest Payment,INT,,,$0.10,$0.00
12/29/22,12/29/22,12/31/22,AAPL,Apple\nCUSIP: 037833100,Buy,0.648996,$212.83,($138.13),$138.13
1/1/23,1/1/23,1/1/23,,ACH Deposit,ACH,,,$895.00,$0.00
1/3/23,1/3/23,1/5/23,VOO,Vanguard S&P 500 ETF\nCUSIP: 922908363,Buy,0.316185,$599.42,($189.53),$189.53
1/5/23,1/5/23,1/7/23,QQQ,Invesco QQQ Trust\nCUSIP: 46090E103,Buy,0.322971,$586.91,($189.55),$189.55
1/10/23,1/10/23,1/12/23,AAPL,Apple\nCUSIP: 037833100,Buy,0.8603,$216.49,($186.25),$186.25
1/12/23,1/12/23,1/14/23,MSFT,Microsoft\nCUSIP: 594918104,Buy,0.579207,$397.75,($230.38),$230.38
1/12/23,1/12/23,1/12/23,AVGO,Cash Div: R/D 2023-01-12 P/D 2023-01-12 - 1.992850 shares at 1.4401,CDIV,,,$2.87,$0.00
1/12/23,1/12/23,1/12/23,V,Cash Div: R/D 2023-01-12 P/D 2023-01-12 - 19.897541 shares at 0.285,CDIV,,,$5.67,$0.00
1/15/23,1/15/23,1/15/23,,ACH Deposit,ACH,,,$982.00,$0.00
1/17/23,1/17/23,1/19/23,V,Visa\nCUSIP: 92826C839,Buy,1.09994,$352.11,($387.30),$387.30
1/19/23,1/19/23,1/21/23,MSFT,Microsoft\nCUSIP: 594918104,Buy,0.533221,$401.92,($214.31),$214.31
1/24/23,1/24/23,1/26/23,TSLA,Tesla\nCUSIP: 88160R101,Buy,0.640499,$310.95,($199.16),$199.16
1/26/23,1/26/23,1/28/23,AMZN,Amazon\nCUSIP: 023135106,Buy,1.020159,$198.61,($202.61),$202.61
1/27/23,1/27/23,1/27/23,AAPL,Cash Div: R/D 2023-01-27 P/D 2023-01-27 - 30.457288 shares at 0.1326,CDIV,,,$4.04,$0.00
1/28/23,1/28/23,1/28/23,,Interest Payment,INT,,,$0.10,$0.00
1/31/23,1/31/23,2/2/23,QQQ,Invesco QQQ Trust\nCUSIP: 46090E103,Buy,0.281757,$610.86,($172.11),$172.11
2/1/23,2/1/23,2/1/23,,ACH Deposit,ACH,,,$499.00,$0.00
2/2/23,2/2/23,2/4/23,AMZN,Amazon\nCUSIP: 023135106,Buy,0.636418,$200.70,($127.73),$127.73
2/7/23,2/7/23,2/9/23,QQQ,Invesco QQQ Trust\nCUSIP: 46090E103,Buy,0.151723,$617.16,($93.64),$93.64
2/9/23,2/9/23,2/11/23,QQQ,Invesco QQQ Trust\nCUSIP: 46090E103,Buy,0.237338,$618.93,($146.90),$146.90
2/14/23,2/14/23,2/16/23,QQQ,Invesco QQQ Trust\nCUSIP: 46090E103,Buy,0.16271,$623.28,($101.41),$101.41
2/15/23,2/15/23,2/15/23,,ACH Deposit,ACH,,,$830.00,$0.00
2/16/23,2/16/23,2/18/23,V,Visa\nCUSIP: 92826C839,Buy,0.743053,$366.70,($272.48),$272.48
2/21/23,2/21/23,2/23/23,META,Meta Platforms\nCUSIP: 30303M102,Buy,0.624542,$318.13,($198.69),$198.69
2/23/23,2/23/23,2/25/23,V,Visa\nCUSIP: 92826C839,Buy,0.240538,$369.78,($88.95),$88.95
2/27/23,2/27/23,2/27/23,NVDA,Cash Div: R/D 2023-02-27 P/D 2023-02-27 - 15.967288 shares at 0.0338,CDIV,,,$0.54,$0.00
2/28/23,2/28/23,3/2/23,VOO,Vanguard S&P 500 ETF\nCUSIP: 922908363,Buy,0.327033,$645.88,($211.22),$211.22
2/28/23,2/28/23,2/28/23,,Interest Payment,INT,,,$0.11,$0.00
3/1/23,3/1/23,3/1/23,,ACH Deposit,ACH,,,"$1,179.00",$0.00
3/2/23,3/2/23,3/4/23,AVGO,Broadcom\nCUSIP: 11135F101,Buy,0.396145,$890.21,($352.65),$352.65
3/7/23,3/7/23,3/9/23,NVDA,NVIDIA\nCUSIP: 67066G104,Buy,1.619452,$224.80,($364.05),$364.05
3/9/23,3/9/23,3/11/23,META,Meta Platforms\nCUSIP: 30303M102,Buy,0.642591,$323.97,($208.18),$208.18
3/12/23,3/12/23,3/12/23,AAPL,Cash Div: R/D 2023-03-12 P/D 2023-03-12 - 30.457288 shares at 0.1326,CDIV,,,$4.04,$0.00
3/14/23,3/14/23,3/16/23,AMZN,Amazon\nCUSIP: 023135106,Buy,0.667371,$211.20,($140.95),$140.95
3/15/23,3/15/23,3/15/23,,ACH Deposit,ACH,,,"$1,045.00",$0.00
3/16/23,3/16/23,3/18/23,AVGO,Broadcom\nCUSIP: 11135F101,Buy,0.185924,$901.61,($167.63),$167.63
3/21/23,3/21/23,3/23/23,META,Meta Platforms\nCUSIP: 30303M102,Buy,0.501983,$327.65,($164.47),$164.47
3/23/23,3/23/23,3/25/23,AMZN,Amazon\nCUSIP: 023135106,Buy,0.883792,$213.01,($188.26),$188.26
3/27/23,3/27/23,3/27/23,MSFT,Cash Div: R/D 2023-03-27 P/D 2023-03-27 - 13.325062 shares at 0.3332,CDIV,,,$4.44,$0.00
3/27/23,3/27/23,3/27/23,NVDA,Cash Div: R/D 2023-03-27 P/D 2023-03-27 - 17.586740 shares at 0.0335,CDIV,,,$0.59,$0.00
3/28/23,3/28/23,3/30/23,QQQ,Invesco QQQ Trust\nCUSIP: 46090E103,Buy,0.405714,$652.99,($264.93),$264.93
3/28/23,3/28/23,3/28/23,,Interest Payment,INT,,,$0.17,$0.00
3/30/23,3/30/23,4/1/23,AVGO,Broadcom\nCUSIP: 11135F101,Buy,0.22929,$910.52,($208.77),$208.77
4/1/23,4/1/23,4/1/23,,ACH Deposit,ACH,,,"$1,008.00",$0.00
4/4/23,4/4/23,4/6/23,META,Meta Platforms\nCUSIP: 30303M102,Buy,1.215817,$331.09,($402.54),$402.54
4/6/23,4/6/23,4/8/23,VOO,Vanguard S&P 500 ETF\nCUSIP: 922908363,Buy,0.544358,$665.95,($362.52),$362.52
4/7/23,4/7/23,4/9/23,QQQ,Invesco QQQ Trust\nCUSIP: 46090E103,Sell,2.565512,$656.53,"$1,684.34","$1,684.34"
4/11/23,4/11/23,4/13/23,META,Meta Platforms\nCUSIP: 30303M102,Buy,1.103659,$332.46,($366.92),$366.92
4/12/23,4/12/23,4/12/23,AVGO,Cash Div: R/D 2023-04-12 P/D 2023-04-12 - 2.804209 shares at 1.4407,CDIV,,,$4.04,$0.00
4/13/23,4/13/23,4/15/23,MSFT,Microsoft\nCUSIP: 594918104,Buy,0.905595,$440.16,($398.61),$398.61
4/15/23,4/15/23,4/15/23,,ACH Deposit,ACH,,,$889.00,$0.00
4/18/23,4/18/23,4/20/23,AAPL,Apple\nCUSIP: 037833100,Buy,2.300213,$239.45,($550.79),$550.79
4/20/23,4/20/23,4/22/23,AVGO,Broadcom\nCUSIP: 11135F101,Buy,0.265004,$918.94,($243.52),$243.52
4/25/23,4/25/23,4/27/23,VOO,Vanguard S&P 500 ETF\nCUSIP: 922908363,Buy,0.657039,$671.18,($440.99),$440.99
4/27/23,4/27/23,4/29/23,NVDA,NVIDIA\nCUSIP: 67066G104,Buy,0.636853,$229.90,($146.41),$146.41
4/28/23,4/28/23,4/28/23,,Interest Payment,INT,,,$0.19,$0.00
5/1/23,5/1/23,5/1/23,,ACH Deposit,ACH,,,$594.00,$0.00
5/2/23,5/2/23,5/4/23,AMZN,Amazon\nCUSIP: 023135106,Buy,2.339094,$218.06,($510.06),$510.06
5/4/23,5/4/23,5/6/23,GOOGL,Alphabet Class A\nCUSIP: 02079K305,Buy,1.775771,$130.20,($231.21),$231.21
5/9/23,5/9/23,5/11/23,V,Visa\nCUSIP: 92826C839,Buy,0.751576,$387.50,($291.24),$291.24
5/11/23,5/11/23,5/13/23,BRK.B,Berkshire Hathaway Class B\nCUSIP: 084670702,Buy,0.391184,$480.19,($187.84),$187.84
5/12/23,5/12/23,5/12/23,MSFT,Cash Div: R/D 2023-05-12 P/D 2023-05-12 - 14.230657 shares at 0.3331,CDIV,,,$4.74,$0.00
5/15/23,5/15/23,5/15/23,,ACH Deposit,ACH,,,$455.00,$0.00
5/16/23,5/16/23,5/18/23,VOO,Vanguard S&P 500 ETF\nCUSIP: 922908363,Buy,0.452321,$673.44,($304.61),$304.61
5/18/23,5/18/23,5/20/23,AMZN,Amazon\nCUSIP: 023135106,Buy,0.473728,$218.88,($103.69),$103.69
5/23/23,5/23/23,5/25/23,BRK.B,Berkshire Hathaway Class B\nCUSIP: 084670702,Buy,0.217071,$480.13,($104.22),$104.22
5/25/23,5/25/23,5/27/23,GOOGL,Alphabet Class A\nCUSIP: 02079K305,Buy,1.460989,$130.07,($190.03),$190.03
5/27/23,5/27/23,5/27/23,AVGO,Cash Div: R/D 2023-05-27 P/D 2023-05-27 - 3.069213 shares at 1.4401,CDIV,,,$4.42,$0.00
5/28/23,5/28/23,5/28/23,,Interest Payment,INT,,,$0.09,$0.00
5/30/23,5/30/23,6/1/23,META,Meta Platforms\nCUSIP: 30303M102,Buy,0.487662,$336.36,($164.03),$164.03
6/1/23,6/1/23,6/1/23,,ACH Deposit,ACH,,,"$1,015.00",$0.00
6/1/23,6/1/23,6/3/23,META,Meta Platforms\nCUSIP: 30303M102,Buy,0.859623,$336.37,($289.15),$289.15
6/6/23,6/6/23,6/8/23,V,Visa\nCUSIP: 92826C839,Buy,0.631037,$387.67,($244.63),$244.63
6/8/23,6/8/23,6/10/23,VOO,Vanguard S&P 500 ETF\nCUSIP: 922908363,Buy,0.238075,$673.24,($160.28),$160.28
6/12/23,6/12/23,6/12/23,AAPL,Cash Div: R/D 2023-06-12 P/D 2023-06-12 - 32.757501 shares at 0.1328,CDIV,,,$4.35,$0.00
6/12/23,6/12/23,6/12/23,NVDA,Cash Div: R/D 2023-06-12 P/D 2023-06-12 - 18.223593 shares at 0.034,CDIV,,,$0.62,$0.00
6/13/23,6/13/23,6/15/23,AMZN,Amazon\nCUSIP: 023135106,Buy,0.472488,$219.41,($103.67),$103.67
6/15/23,6/15/23,6/15/23,,ACH Deposit,ACH,,,$594.00,$0.00
6/15/23,6/15/23,6/17/23,TSLA,Tesla\nCUSIP: 88160R101,Buy,0.748839,$333.08,($249.42),$249.42
6/16/23,6/16/23,6/18/23,AMZN,Amazon\nCUSIP: 023135106,Sell,4.928073,$222.47,"$1,096.35","$1,096.35"
6/20/23,6/20/23,6/22/23,BRK.B,Berkshire Hathaway Class B\nCUSIP: 084670702,Buy,0.795996,$478.78,($381.11),$381.11
6/22/23,6/22/23,6/24/23,AMZN,Amazon\nCUSIP: 023135106,Buy,1.242278,$219.56,($272.75),$272.75
6/27/23,6/27/23,6/29/23,TSLA,Tesla\nCUSIP: 88160R101,Buy,0.516617,$332.45,($171.75),$171.75
6/28/23,6/28/23,6/28/23,,Interest Payment,INT,,,$0.17,$0.00
6/29/23,6/29/23,7/1/23,AAPL,Apple\nCUSIP: 037833100,Buy,0.823454,$240.53,($198.07),$198.07
7/1/23,7/1/23,7/1/23,,ACH Deposit,ACH,,,$732.00,$0.00
7/4/23,7/4/23,7/6/23,AMZN,Amazon\nCUSIP: 023135106,Buy,1.746565,$219.86,($384.00),$384.00
7/6/23,7/6/23,7/8/23,MSFT,Microsoft\nCUSIP: 594918104,Buy,0.467435,$445.36,($208.18),$208.18
7/11/23,7/11/23,7/13/23,AVGO,Broadcom\nCUSIP: 11135F101,Buy,0.286634,$918.36,($263.23),$263.23
7/12/23,7/12/23,7/12/23,AAPL,Cash Div: R/D 2023-07-12 P/D 2023-07-12 - 33.580955 shares at 0.1328,CDIV,,,$4.46,$0.00
7/12/23,7/12/23,7/12/23,V,Cash Div: R/D 2023-07-12 P/D 2023-07-12 - 23.363685 shares at 0.2851,CDIV,,,$6.66,$0.00
7/13/23,7/13/23,7/15/23,VOO,Vanguard S&P 500 ETF\nCUSIP: 922908363,Buy,0.251155,$673.15,($169.06),$169.06
7/15/23,7/15/23,7/15/23,,ACH Deposit,ACH,,,"$1,083.00",$0.00
7/18/23,7/18/23,7/20/23,V,Visa\nCUSIP: 92826C839,Buy,0.441678,$387.84,($171.30),$171.30
7/20/23,7/20/23,7/22/23,GOOGL,Alphabet Class A\nCUSIP: 02079K305,Buy,3.126196,$129.26,($404.09),$404.09
7/25/23,7/25/23,7/27/23,TSLA,Tesla\nCUSIP: 88160R101,Buy,1.017049,$332.28,($337.95),$337.95
7/27/23,7/27/23,7/29/23,AMZN,Amazon\nCUSIP: 023135106,Buy,0.419375,$221.20,($92.77),$92.77
7/27/23,7/27/23,7/27/23,NVDA,Cash Div: R/D 2023-07-27 P/D 2023-07-27 - 18.223593 shares at 0.034,CDIV,,,$0.62,$0.00
7/28/23,7/28/23,7/28/23,,Interest Payment,INT,,,$0.12,$0.00
8/1/23,8/1/23,8/1/23,,ACH Deposit,ACH,,,$759.00,$0.00
8/1/23,8/1/23,8/3/23,VOO,Vanguard S&P 500 ETF\nCUSIP: 922908363,Buy,0.388647,$676.03,($262.74),$262.74
8/3/23,8/3/23,8/5/23,META,Meta Platforms\nCUSIP: 30303M102,Buy,1.032133,$339.18,($350.08),$350.08
8/8/23,8/8/23,8/10/23,BRK.B,Berkshire Hathaway Class B\nCUSIP: 084670702,Buy,0.289362,$481.01,($139.19),$139.19
8/10/23,8/10/23,8/12/23,TSLA,Tesla\nCUSIP: 88160R101,Buy,0.276386,$333.60,($92.20),$92.20
8/12/23,8/12/23,8/12/23,NVDA,Cash Div: R/D 2023-08-12 P/D 2023-08-12 - 18.223593 shares at 0.034,CDIV,,,$0.62,$0.00
8/15/23,8/15/23,8/15/23,,ACH Deposit,ACH,,,$786.00,$0.00
8/15/23,8/15/23,8/17/23,NVDA,NVIDIA\nCUSIP: 67066G104,Buy,1.408583,$228.37,($321.68),$321.68
8/17/23,8/17/23,8/19/23,AAPL,Apple\nCUSIP: 037833100,Buy,1.102569,$243.57,($268.55),$268.55
8/22/23,8/22/23,8/24/23,TSLA,Tesla\nCUSIP: 88160R101,Buy,0.406209,$335.47,($136.27),$136.27
8/24/23,8/24/23,8/26/23,AAPL,Apple\nCUSIP: 037833100,Buy,0.362206,$244.70,($88.63),$88.63
8/27/23,8/27/23,8/27/23,V,Cash Div: R/D 2023-08-27 P/D 2023-08-27 - 23.805363 shares at 0.2848,CDIV,,,$6.78,$0.00
8/28/23,8/28/23,8/28/23,,Interest Payment,INT,,,$0.11,$0.00
8/29/23,8/29/23,8/31/23,AAPL,Apple\nCUSIP: 037833100,Buy,0.359612,$245.63,($88.33),$88.33
8/31/23,8/31/23,9/2/23,QQQ,Invesco QQQ Trust\nCUSIP: 46090E103,Buy,0.159073,$691.22,($109.95),$109.95
9/1/23,9/1/23,9/1/23,,ACH Deposit,ACH,,,$930.00,$0.00
9/1/23,9/1/23,9/3/23,NVDA,NVIDIA\nCUSIP: 67066G104,Sell,8.502926,$235.29,"$2,000.65","$2,000.65"
9/5/23,9/5/23,9/7/23,META,Meta Platforms\nCUSIP: 30303M102,Buy,0.567108,$347.14,($196.87),$196.87
9/7/23,9/7/23,9/9/23,NVDA,NVIDIA\nCUSIP: 67066G104,Buy,2.432218,$231.41,($562.84),$562.84
9/12/23,9/12/23,9/14/23,GOOGL,Alphabet Class A\nCUSIP: 02079K305,Buy,0.900432,$132.59,($119.39),$119.39
9/12/23,9/12/23,9/12/23,V,Cash Div: R/D 2023-09-12 P/D 2023-09-12 - 23.805363 shares at 0.2848,CDIV,,,$6.78,$0.00
9/14/23,9/14/23,9/16/23,GOOGL,Alphabet Class A\nCUSIP: 02079K305,Buy,3.870186,$132.83,($514.08),$514.08
9/15/23,9/15/23,9/15/23,,ACH Deposit,ACH,,,$852.00,$0.00
9/19/23,9/19/23,9/21/23,NVDA,NVIDIA\nCUSIP: 67066G104,Buy,2.851172,$233.79,($666.58),$666.58
9/21/23,9/21/23,9/23/23,VOO,Vanguard S&P 500 ETF\nCUSIP: 922908363,Buy,0.303828,$702.51,($213.44),$213.44
9/26/23,9/26/23,9/28/23,META,Meta Platforms\nCUSIP: 30303M102,Buy,1.156323,$355.43,($410.99),$410.99
9/27/23,9/27/23,9/27/23,V,Cash Div: R/D 2023-09-27 P/D 2023-09-27 - 23.805363 shares at 0.2848,CDIV,,,$6.78,$0.00
9/28/23,9/28/23,9/30/23,NVDA,NVIDIA\nCUSIP: 67066G104,Buy,1.575638,$235.88,($371.66),$371.66
9/28/23,9/28/23,9/28/23,,Interest Payment,INT,,,$0.22,$0.00
10/1/23,10/1/23,10/1/23,,ACH Deposit,ACH,,,$555.00,$0.00
10/3/23,10/3/23,10/5/23,NVDA,NVIDIA\nCUSIP: 67066G104,Buy,0.983622,$237.15,($233.27),$233.27
10/5/23,10/5/23,10/7/23,META,Meta Platforms\nCUSIP: 30303M102,Buy,0.818534,$359.65,($294.39),$294.39
10/10/23,10/10/23,10/12/23,BRK.B,Berkshire Hathaway Class B\nCUSIP: 084670702,Buy,0.287577,$508.49,($146.23),$146.23
10/12/23,10/12/23,10/14/23,MSFT,Microsoft\nCUSIP: 594918104,Buy,0.351812,$480.31,($168.98),$168.98
10/12/23,10/12/23,10/12/23,AVGO,Cash Div: R/D 2023-10-12 P/D 2023-10-12 - 3.355847 shares at 1.4393,CDIV,,,$4.83,$0.00
10/15/23,10/15/23,10/15/23,,ACH Deposit,ACH,,,$810.00,$0.00
10/17/23,10/17/23,10/19/23,V,Visa\nCUSIP: 92826C839,Buy,0.880868,$418.17,($368.35),$368.35
10/19/23,10/19/23,10/21/23,BRK.B,Berkshire Hathaway Class B\nCUSIP: 084670702,Buy,0.560889,$514.53,($288.59),$288.59
10/24/23,10/24/23,10/26/23,TSLA,Tesla\nCUSIP: 88160R101,Buy,0.580974,$357.36,($207.62),$207.62
10/26/23,10/26/23,10/28/23,MSFT,Microsoft\nCUSIP: 594918104,Buy,0.360977,$490.20,($176.95),$176.95
10/27/23,10/27/23,10/27/23,VOO,Cash Div: R/D 2023-10-27 P/D 2023-10-27 - 8.334809 shares at 0.9898,CDIV,,,$8.25,$0.00
10/28/23,10/28/23,10/28/23,,Interest Payment,INT,,,$0.11,$0.00
10/31/23,10/31/23,11/2/23,GOOGL,Alphabet Class A\nCUSIP: 02079K305,Buy,1.187382,$140.36,($166.66),$166.66
11/1/23,11/1/23,11/1/23,,ACH Deposit,ACH,,,$478.00,$0.00
11/2/23,11/2/23,11/4/23,QQQ,Invesco QQQ Trust\nCUSIP: 46090E103,Buy,0.209918,$752.06,($157.87),$157.87
11/7/23,11/7/23,11/9/23,NVDA,NVIDIA\nCUSIP: 67066G104,Buy,0.756347,$247.40,($187.12),$187.12
11/9/23,11/9/23,11/11/23,NVDA,NVIDIA\nCUSIP: 67066G104,Buy,0.660828,$248.02,($163.90),$163.90
11/12/23,11/12/23,11/12/23,AVGO,Cash Div: R/D 2023-11-12 P/D 2023-11-12 - 3.355847 shares at 1.4393,CDIV,,,$4.83,$0.00
11/12/23,11/12/23,11/12/23,V,Cash Div: R/D 2023-11-12 P/D 2023-11-12 - 24.686231 shares at 0.2852,CDIV,,,$7.04,$0.00
11/14/23,11/14/23,11/16/23,AVGO,Broadcom\nCUSIP: 11135F101,Buy,0.087494,"$1,023.59",($89.56),$89.56
11/15/23,11/15/23,11/15/23,,ACH Deposit,ACH,,,$935.00,$0.00
11/16/23,11/16/23,11/18/23,TSLA,Tesla\nCUSIP: 88160R101,Buy,0.342243,$368.26,($126.03),$126.03
11/21/23,11/21/23,11/23/23,BRK.B,Berkshire Hathaway Class B\nCUSIP: 084670702,Buy,0.340779,$538.13,($183.38),$183.38
11/23/23,11/23/23,11/25/23,V,Visa\nCUSIP: 92826C839,Buy,0.342961,$440.65,($151.13),$151.13
11/27/23,11/27/23,11/27/23,NVDA,Cash Div: R/D 2023-11-27 P/D 2023-11-27 - 20.389075 shares at 0.0338,CDIV,,,$0.69,$0.00
11/28/23,11/28/23,11/30/23,NVDA,NVIDIA\nCUSIP: 67066G104,Buy,0.572621,$253.78,($145.32),$145.32
11/28/23,11/28/23,11/28/23,,Interest Payment,INT,,,$0.13,$0.00
11/30/23,11/30/23,12/2/23,VOO,Vanguard S&P 500 ETF\nCUSIP: 922908363,Buy,0.299673,$772.56,($231.52),$231.52
12/1/23,12/1/23,12/1/23,,ACH Deposit,ACH,,,$758.00,$0.00
12/5/23,12/5/23,12/7/23,META,Meta Platforms\nCUSIP: 30303M102,Buy,0.614639,$392.75,($241.40),$241.40
12/7/23,12/7/23,12/9/23,GOOGL,Alphabet Class A\nCUSIP: 02079K305,Buy,1.322538,$147.03,($194.45),$194.45
12/12/23,12/12/23,12/14/23,MSFT,Microsoft\nCUSIP: 594918104,Buy,0.178668,$524.16,($93.65),$93.65
12/14/23,12/14/23,12/16/23,VOO,Vanguard S&P 500 ETF\nCUSIP: 922908363,Buy,0.160341,$786.16,($126.05),$126.05
12/15/23,12/15/23,12/15/23,,ACH Deposit,ACH,,,$860.00,$0.00
12/19/23,12/19/23,12/21/23,V,Visa\nCUSIP: 92826C839,Buy,0.597945,$455.22,($272.20),$272.20
12/21/23,12/21/23,12/23/23,AAPL,Apple\nCUSIP: 037833100,Buy,0.476851,$283.34,($135.11),$135.11
12/26/23,12/26/23,12/28/23,GOOGL,Alphabet Class A\nCUSIP: 02079K305,Buy,0.989232,$149.91,($148.30),$148.30
12/27/23,12/27/23,12/27/23,AAPL,Cash Div: R/D 2023-12-27 P/D 2023-12-27 - 35.882193 shares at 0.1327,CDIV,,,$4.76,$0.00
12/28/23,12/28/23,12/30/23,MSFT,Microsoft\nCUSIP: 594918104,Buy,0.321539,$533.94,($171.68),$171.68
12/28/23,12/28/23,12/28/23,,Interest Payment,INT,,,$0.14,$0.00
1/1/24,1/1/24,1/1/24,,ACH Deposit,ACH,,,"$1,132.00",$0.00
1/2/24,1/2/24,1/4/24,TSLA,Tesla\nCUSIP: 88160R101,Buy,0.75554,$387.47,($292.75),$292.75
1/4/24,1/4/24,1/6/24,AVGO,Broadcom\nCUSIP: 11135F101,Buy,0.285075,"$1,084.75",($309.24),$309.24
1/9/24,1/9/24,1/11/24,TSLA,Tesla\nCUSIP: 88160R101,Buy,0.623334,$389.49,($242.78),$242.78
1/11/24,1/11/24,1/13/24,AMZN,Amazon\nCUSIP: 023135106,Buy,0.995142,$270.23,($268.92),$268.92
1/12/24,1/12/24,1/12/24,AAPL,Cash Div: R/D 2024-01-12 P/D 2024-01-12 - 35.882193 shares at 0.1327,CDIV,,,$4.76,$0.00
1/12/24,1/12/24,1/12/24,MSFT,Cash Div: R/D 2024-01-12 P/D 2024-01-12 - 15.911088 shares at 0.3331,CDIV,,,$5.30,$0.00
1/15/24,1/15/24,1/15/24,,ACH Deposit,ACH,,,$497.00,$0.00
1/16/24,1/16/24,1/18/24,GOOGL,Alphabet Class A\nCUSIP: 02079K305,Buy,1.744966,$152.27,($265.71),$265.71
1/18/24,1/18/24,1/20/24,AAPL,Apple\nCUSIP: 037833100,Buy,0.372668,$290.45,($108.24),$108.24
1/23/24,1/23/24,1/25/24,V,Visa\nCUSIP: 92826C839,Buy,0.393644,$469.16,($184.68),$184.68
1/25/24,1/25/24,1/27/24,BRK.B,Berkshire Hathaway Class B\nCUSIP: 084670702,Buy,0.169314,$572.96,($97.01),$97.01
1/28/24,1/28/24,1/28/24,,Interest Payment,INT,,,$0.10,$0.00
1/30/24,1/30/24,2/1/24,V,Visa\nCUSIP: 92826C839,Buy,0.34937,$470.96,($164.54),$164.54
2/1/24,2/1/24,2/1/24,,ACH Deposit,ACH,,,"$1,185.00",$0.00
2/1/24,2/1/24,2/3/24,AAPL,Apple\nCUSIP: 037833100,Buy,0.888018,$292.77,($259.99),$259.99
2/6/24,2/6/24,2/8/24,AVGO,Broadcom\nCUSIP: 11135F101,Buy,0.188325,"$1,105.64",($208.22),$208.22
2/8/24,2/8/24,2/10/24,VOO,Vanguard S&P 500 ETF\nCUSIP: 922908363,Buy,0.308719,$821.14,($253.50),$253.50
2/12/24,2/12/24,2/12/24,AVGO,Cash Div: R/D 2024-02-12 P/D 2024-02-12 - 3.916741 shares at 1.44,CDIV,,,$5.64,$0.00
2/13/24,2/13/24,2/15/24,BRK.B,Berkshire Hathaway Class B\nCUSIP: 084670702,Buy,0.361648,$577.01,($208.67),$208.67
2/15/24,2/15/24,2/15/24,,ACH Deposit,ACH,,,$739.00,$0.00
2/15/24,2/15/24,2/17/24,NVDA,NVIDIA\nCUSIP: 67066G104,Buy,1.333778,$267.23,($356.43),$356.43
2/20/24,2/20/24,2/22/24,VOO,Vanguard S&P 500 ETF\nCUSIP: 922908363,Buy,0.132027,$823.96,($108.78),$108.78
2/22/24,2/22/24,2/24/24,META,Meta Platforms\nCUSIP: 30303M102,Buy,0.428831,$418.32,($179.39),$179.39
2/27/24,2/27/24,2/29/24,BRK.B,Berkshire Hathaway Class B\nCUSIP: 084670702,Buy,0.367222,$578.23,($212.34),$212.34
2/27/24,2/27/24,2/27/24,NVDA,Cash Div: R/D 2024-02-27 P/D 2024-02-27 - 22.295474 shares at 0.0336,CDIV,,,$0.75,$0.00
2/27/24,2/27/24,2/27/24,V,Cash Div: R/D 2024-02-27 P/D 2024-02-27 - 26.370151 shares at 0.2852,CDIV,,,$7.52,$0.00
2/28/24,2/28/24,2/28/24,,Interest Payment,INT,,,$0.10,$0.00
2/29/24,2/29/24,3/2/24,QQQ,Invesco QQQ Trust\nCUSIP: 46090E103,Buy,0.154633,$847.25,($131.01),$131.01
3/1/24,3/1/24,3/1/24,,ACH Deposit,ACH,,,$527.00,$0.00
3/5/24,3/5/24,3/7/24,BRK.B,Berkshire Hathaway Class B\nCUSIP: 084670702,Buy,0.287286,$578.39,($166.16),$166.16
3/7/24,3/7/24,3/9/24,VOO,Vanguard S&P 500 ETF\nCUSIP: 922908363,Buy,0.2441,$825.61,($201.53),$201.53
3/12/24,3/12/24,3/14/24,V,Visa\nCUSIP: 92826C839,Buy,0.201575,$475.43,($95.83),$95.83
3/14/24,3/14/24,3/16/24,VOO,Vanguard S&P 500 ETF\nCUSIP: 922908363,Buy,0.147442,$825.75,($121.75),$121.75
3/15/24,3/15/24,3/15/24,,ACH Deposit,ACH,,,$923.00,$0.00
3/19/24,3/19/24,3/21/24,VOO,Vanguard S&P 500 ETF\nCUSIP: 922908363,Buy,0.235404,$825.70,($194.37),$194.37
3/21/24,3/21/24,3/23/24,QQQ,Invesco QQQ Trust\nCUSIP: 46090E103,Buy,0.270282,$849.91,($229.72),$229.72
3/26/24,3/26/24,3/28/24,META,Meta Platforms\nCUSIP: 30303M102,Buy,0.635714,$419.76,($266.85),$266.85
3/28/24,3/28/24,3/30/24,V,Visa\nCUSIP: 92826C839,Buy,0.211495,$475.23,($100.51),$100.51
3/28/24,3/28/24,3/28/24,,Interest Payment,INT,,,$0.11,$0.00
4/1/24,4/1/24,4/1/24,,ACH Deposit,ACH,,,$925.00,$0.00
4/2/24,4/2/24,4/4/24,VOO,Vanguard S&P 500 ETF\nCUSIP: 922908363,Buy,0.254991,$825.18,($210.41),$210.41
4/4/24,4/4/24,4/6/24,VOO,Vanguard S&P 500 ETF\nCUSIP: 922908363,Buy,0.314849,$825.09,($259.78),$259.78
4/9/24,4/9/24,4/11/24,BRK.B,Berkshire Hathaway Class B\nCUSIP: 084670702,Buy,0.248453,$576.73,($143.29),$143.29
4/11/24,4/11/24,4/13/24,MSFT,Microsoft\nCUSIP: 594918104,Buy,0.287085,$555.24,($159.40),$159.40
4/12/24,4/12/24,4/14/24,NVDA,NVIDIA\nCUSIP: 67066G104,Sell,6.724679,$254.61,"$1,712.17","$1,712.17"
4/15/24,4/15/24,4/15/24,,ACH Deposit,ACH,,,$644.00,$0.00
4/16/24,4/16/24,4/18/24,META,Meta Platforms\nCUSIP: 30303M102,Buy,0.404704,$419.88,($169.93),$169.93
4/18/24,4/18/24,4/20/24,MSFT,Microsoft\nCUSIP: 594918104,Buy,0.779615,$555.37,($432.97),$432.97
4/23/24,4/23/24,4/25/24,AAPL,Apple\nCUSIP: 037833100,Buy,1.173693,$294.88,($346.10),$346.10
4/25/24,4/25/24,4/27/24,NVDA,NVIDIA\nCUSIP: 67066G104,Buy,0.511388,$264.45,($135.24),$135.24
4/27/24,4/27/24,4/27/24,VOO,Cash Div: R/D 2024-04-27 P/D 2024-04-27 - 10.432355 shares at 0.9902,CDIV,,,$10.33,$0.00
4/28/24,4/28/24,4/28/24,,Interest Payment,INT,,,$0.27,$0.00
4/30/24,4/30/24,5/2/24,AMZN,Amazon\nCUSIP: 023135106,Buy,0.869695,$279.52,($243.10),$243.10
5/1/24,5/1/24,5/1/24,,ACH Deposit,ACH,,,$693.00,$0.00
5/2/24,5/2/24,5/4/24,AMZN,Amazon\nCUSIP: 023135106,Buy,1.454586,$279.64,($406.76),$406.76
5/7/24,5/7/24,5/9/24,NVDA,NVIDIA\nCUSIP: 67066G104,Buy,1.846978,$264.17,($487.92),$487.92
5/9/24,5/9/24,5/11/24,GOOGL,Alphabet Class A\nCUSIP: 02079K305,Buy,2.422575,$152.93,($370.48),$370.48
5/12/24,5/12/24,5/12/24,NVDA,Cash Div: R/D 2024-05-12 P/D 2024-05-12 - 17.929161 shares at 0.034,CDIV,,,$0.61,$0.00
5/14/24,5/14/24,5/16/24,GOOGL,Alphabet Class A\nCUSIP: 02079K305,Buy,0.988472,$153.00,($151.24),$151.24
5/15/24,5/15/24,5/15/24,,ACH Deposit,ACH,,,$765.00,$0.00
5/16/24,5/16/24,5/18/24,TSLA,Tesla\nCUSIP: 88160R101,Buy,0.538735,$393.22,($211.84),$211.84
5/21/24,5/21/24,5/23/24,NVDA,NVIDIA\nCUSIP: 67066G104,Buy,1.615102,$264.39,($427.02),$427.02
5/23/24,5/23/24,5/25/24,GOOGL,Alphabet Class A\nCUSIP: 02079K305,Buy,0.727216,$153.24,($111.44),$111.44
5/28/24,5/28/24,5/30/24,GOOGL,Alphabet Class A\nCUSIP: 02079K305,Buy,0.740173,$153.46,($113.59),$113.59
5/28/24,5/28/24,5/28/24,,Interest Payment,INT,,,$0.15,$0.00
5/30/24,5/30/24,6/1/24,AMZN,Amazon\nCUSIP: 023135106,Buy,0.429122,$282.71,($121.32),$121.32
6/1/24,6/1/24,6/1/24,,ACH Deposit,ACH,,,"$1,070.00",$0.00
6/4/24,6/4/24,6/6/24,AMZN,Amazon\nCUSIP: 023135106,Buy,1.408881,$283.60,($399.56),$399.56
6/6/24,6/6/24,6/8/24,AMZN,Amazon\nCUSIP: 023135106,Buy,0.830159,$283.99,($235.76),$235.76
6/11/24,6/11/24,6/13/24,V,Visa\nCUSIP: 92826C839,Buy,0.317201,$481.92,($152.87),$152.87
6/13/24,6/13/24,6/15/24,GOOGL,Alphabet Class A\nCUSIP: 02079K305,Buy,1.711093,$154.55,($264.45),$264.45
6/15/24,6/15/24,6/15/24,,ACH Deposit,ACH,,,"$1,156.00",$0.00
6/18/24,6/18/24,6/20/24,MSFT,Microsoft\nCUSIP: 594918104,Buy,0.635228,$568.62,($361.20),$361.20
6/20/24,6/20/24,6/22/24,META,Meta Platforms\nCUSIP: 30303M102,Buy,0.395219,$430.67,($170.21),$170.21
6/21/24,6/21/24,6/23/24,META,Meta Platforms\nCUSIP: 30303M102,Sell,5.437708,$448.83,"$2,440.61","$2,440.61"
6/25/24,6/25/24,6/27/24,BRK.B,Berkshire Hathaway Class B\nCUSIP: 084670702,Buy,0.725776,$588.89,($427.40),$427.40
6/27/24,6/27/24,6/29/24,BRK.B,Berkshire Hathaway Class B\nCUSIP: 084670702,Buy,0.940926,$589.88,($555.03),$555.03
6/27/24,6/27/24,6/27/24,AVGO,Cash Div: R/D 2024-06-27 P/D 2024-06-27 - 3.916741 shares at 1.44,CDIV,,,$5.64,$0.00
6/27/24,6/27/24,6/27/24,VOO,Cash Div: R/D 2024-06-27 P/D 2024-06-27 - 10.432355 shares at 0.9902,CDIV,,,$10.33,$0.00
6/28/24,6/28/24,6/28/24,,Interest Payment,INT,,,$0.38,$0.00
7/1/24,7/1/24,7/1/24,,ACH Deposit,ACH,,,$927.00,$0.00
7/2/24,7/2/24,7/4/24,AAPL,Apple\nCUSIP: 037833100,Buy,2.264639,$304.57,($689.74),$689.74
7/4/24,7/4/24,7/6/24,AMZN,Amazon\nCUSIP: 023135106,Buy,2.271032,$291.45,($661.89),$661.89
7/9/24,7/9/24,7/11/24,VOO,Vanguard S&P 500 ETF\nCUSIP: 922908363,Buy,0.222609,$858.03,($191.01),$191.01
7/11/24,7/11/24,7/13/24,TSLA,Tesla\nCUSIP: 88160R101,Buy,0.435676,$406.07,($176.91),$176.91
7/12/24,7/12/24,7/12/24,MSFT,Cash Div: R/D 2024-07-12 P/D 2024-07-12 - 17.613016 shares at 0.3333,CDIV,,,$5.87,$0.00
7/12/24,7/12/24,7/12/24,V,Cash Div: R/D 2024-07-12 P/D 2024-07-12 - 27.100422 shares at 0.2849,CDIV,,,$7.72,$0.00
7/15/24,7/15/24,7/15/24,,ACH Deposit,ACH,,,"$1,134.00",$0.00
7/16/24,7/16/24,7/18/24,QQQ,Invesco QQQ Trust\nCUSIP: 46090E103,Buy,0.916764,$902.91,($827.76),$827.76
7/18/24,7/18/24,7/20/24,TSLA,Tesla\nCUSIP: 88160R101,Buy,0.913845,$409.06,($373.82),$373.82
7/23/24,7/23/24,7/25/24,TSLA,Tesla\nCUSIP: 88160R101,Buy,0.782668,$411.35,($321.95),$321.95
7/25/24,7/25/24,7/27/24,QQQ,Invesco QQQ Trust\nCUSIP: 46090E103,Buy,0.308685,$914.02,($282.14),$282.14
7/27/24,7/27/24,7/27/24,AAPL,Cash Div: R/D 2024-07-27 P/D 2024-07-27 - 40.581211 shares at 0.1328,CDIV,,,$5.39,$0.00
7/27/24,7/27/24,7/27/24,V,Cash Div: R/D 2024-07-27 P/D 2024-07-27 - 27.100422 shares at 0.2849,CDIV,,,$7.72,$0.00
7/28/24,7/28/24,7/28/24,,Interest Payment,INT,,,$0.20,$0.00
7/30/24,7/30/24,8/1/24,AAPL,Apple\nCUSIP: 037833100,Buy,1.282864,$314.80,($403.85),$403.85
8/1/24,8/1/24,8/1/24,,ACH Deposit,ACH,,,"$1,086.00",$0.00
8/1/24,8/1/24,8/3/24,BRK.B,Berkshire Hathaway Class B\nCUSIP: 084670702,Buy,0.576351,$612.97,($353.29),$353.29
8/6/24,8/6/24,8/8/24,V,Visa\nCUSIP: 92826C839,Buy,0.538682,$511.71,($275.65),$275.65
8/8/24,8/8/24,8/10/24,VOO,Vanguard S&P 500 ETF\nCUSIP: 922908363,Buy,0.14471,$891.23,($128.97),$128.97
8/12/24,8/12/24,8/12/24,AVGO,Cash Div: R/D 2024-08-12 P/D 2024-08-12 - 3.916741 shares at 1.44,CDIV,,,$5.64,$0.00
8/13/24,8/13/24,8/15/24,V,Visa\nCUSIP: 92826C839,Buy,0.55644,$516.75,($287.54),$287.54
8/15/24,8/15/24,8/15/24,,ACH Deposit,ACH,,,$399.00,$0.00
8/15/24,8/15/24,8/17/24,GOOGL,Alphabet Class A\nCUSIP: 02079K305,Buy,2.106944,$164.72,($347.06),$347.06
8/20/24,8/20/24,8/22/24,GOOGL,Alphabet Class A\nCUSIP: 02079K305,Buy,1.696462,$165.80,($281.27),$281.27
8/22/24,8/22/24,8/24/24,NVDA,NVIDIA\nCUSIP: 67066G104,Buy,0.630571,$285.34,($179.93),$179.93
8/27/24,8/27/24,8/29/24,VOO,Vanguard S&P 500 ETF\nCUSIP: 922908363,Buy,0.176801,$915.66,($161.89),$161.89
8/28/24,8/28/24,8/28/24,,Interest Payment,INT,,,$0.09,$0.00
8/29/24,8/29/24,8/31/24,TSLA,Tesla\nCUSIP: 88160R101,Buy,0.231294,$431.07,($99.70),$99.70
9/1/24,9/1/24,9/1/24,,ACH Deposit,ACH,,,"$1,102.00",$0.00
9/3/24,9/3/24,9/5/24,NVDA,NVIDIA\nCUSIP: 67066G104,Buy,1.107606,$289.65,($320.82),$320.82
9/5/24,9/5/24,9/7/24,V,Visa\nCUSIP: 92826C839,Buy,0.239225,$534.00,($127.75),$127.75
9/10/24,9/10/24,9/12/24,TSLA,Tesla\nCUSIP: 88160R101,Buy,0.625997,$437.81,($274.07),$274.07
9/12/24,9/12/24,9/14/24,TSLA,Tesla\nCUSIP: 88160R101,Buy,0.350328,$438.92,($153.77),$153.77
9/12/24,9/12/24,9/12/24,VOO,Cash Div: R/D 2024-09-12 P/D 2024-09-12 - 10.976475 shares at 0.9903,CDIV,,,$10.87,$0.00
9/15/24,9/15/24,9/15/24,,ACH Deposit,ACH,,,$409.00,$0.00
9/17/24,9/17/24,9/19/24,BRK.B,Berkshire Hathaway Class B\nCUSIP: 084670702,Buy,0.296152,$652.95,($193.37),$193.37
9/19/24,9/19/24,9/21/24,BRK.B,Berkshire Hathaway Class B\nCUSIP: 084670702,Buy,0.175263,$654.61,($114.73),$114.73
9/24/24,9/24/24,9/26/24,QQQ,Invesco QQQ Trust\nCUSIP: 46090E103,Buy,0.093974,"$1,001.81",($94.14),$94.14
9/26/24,9/26/24,9/28/24,META,Meta Platforms\nCUSIP: 30303M102,Buy,0.178169,$490.53,($87.40),$87.40
9/28/24,9/28/24,9/28/24,,Interest Payment,INT,,,$0.10,$0.00
10/1/24,10/1/24,10/1/24,,ACH Deposit,ACH,,,"$1,091.00",$0.00
10/1/24,10/1/24,10/3/24,QQQ,Invesco QQQ Trust\nCUSIP: 46090E103,Buy,0.322553,"$1,011.43",($326.24),$326.24
10/3/24,10/3/24,10/5/24,META,Meta Platforms\nCUSIP: 30303M102,Buy,0.415272,$494.96,($205.54),$205.54
10/8/24,10/8/24,10/10/24,GOOGL,Alphabet Class A\nCUSIP: 02079K305,Buy,1.467898,$175.98,($258.32),$258.32
10/10/24,10/10/24,10/12/24,V,Visa\nCUSIP: 92826C839,Buy,0.460146,$558.50,($256.99),$256.99
10/15/24,10/15/24,10/15/24,,ACH Deposit,ACH,,,$665.00,$0.00
10/15/24,10/15/24,10/17/24,AMZN,Amazon\nCUSIP: 023135106,Buy,0.629716,$337.15,($212.31),$212.31
10/17/24,10/17/24,10/19/24,V,Visa\nCUSIP: 92826C839,Buy,0.226624,$562.63,($127.51),$127.51
10/22/24,10/22/24,10/24/24,META,Meta Platforms\nCUSIP: 30303M102,Buy,0.538706,$505.66,($272.40),$272.40
10/24/24,10/24/24,10/26/24,TSLA,Tesla\nCUSIP: 88160R101,Buy,0.177275,$458.73,($81.32),$81.32
10/27/24,10/27/24,10/27/24,AAPL,Cash Div: R/D 2024-10-27 P/D 2024-10-27 - 41.864075 shares at 0.1328,CDIV,,,$5.56,$0.00
10/28/24,10/28/24,10/28/24,,Interest Payment,INT,,,$0.10,$0.00
10/29/24,10/29/24,10/31/24,GOOGL,Alphabet Class A\nCUSIP: 02079K305,Buy,0.672213,$179.20,($120.46),$120.46
10/31/24,10/31/24,11/2/24,V,Visa\nCUSIP: 92826C839,Buy,0.216903,$569.82,($123.60),$123.60
11/1/24,11/1/24,11/1/24,,ACH Deposit,ACH,,,$695.00,$0.00
11/5/24,11/5/24,11/7/24,V,Visa\nCUSIP: 92826C839,Buy,0.536,$572.00,($306.59),$306.59
11/7/24,11/7/24,11/9/24,V,Visa\nCUSIP: 92826C839,Buy,0.268397,$572.81,($153.74),$153.74
11/12/24,11/12/24,11/14/24,NVDA,NVIDIA\nCUSIP: 67066G104,Buy,0.535284,$308.70,($165.24),$165.24
11/12/24,11/12/24,11/12/24,AVGO,Cash Div: R/D 2024-11-12 P/D 2024-11-12 - 3.916741 shares at 1.44,CDIV,,,$5.64,$0.00
11/12/24,11/12/24,11/12/24,V,Cash Div: R/D 2024-11-12 P/D 2024-11-12 - 30.142839 shares at 0.285,CDIV,,,$8.59,$0.00
11/14/24,11/14/24,11/16/24,QQQ,Invesco QQQ Trust\nCUSIP: 46090E103,Buy,0.057649,"$1,058.50",($61.02),$61.02
11/15/24,11/15/24,11/15/24,,ACH Deposit,ACH,,,$490.00,$0.00
11/19/24,11/19/24,11/21/24,GOOGL,Alphabet Class A\nCUSIP: 02079K305,Buy,0.563566,$181.29,($102.17),$102.17
11/21/24,11/21/24,11/23/24,GOOGL,Alphabet Class A\nCUSIP: 02079K305,Buy,0.906549,$181.43,($164.48),$164.48
11/26/24,11/26/24,11/28/24,QQQ,Invesco QQQ Trust\nCUSIP: 46090E103,Buy,0.184512,"$1,066.39",($196.76),$196.76
11/27/24,11/27/24,11/27/24,AVGO,Cash Div: R/D 2024-11-27 P/D 2024-11-27 - 3.916741 shares at 1.44,CDIV,,,$5.64,$0.00
11/27/24,11/27/24,11/27/24,MSFT,Cash Div: R/D 2024-11-27 P/D 2024-11-27 - 17.613016 shares at 0.3333,CDIV,,,$5.87,$0.00
11/28/24,11/28/24,11/30/24,BRK.B,Berkshire Hathaway Class B\nCUSIP: 084670702,Buy,0.152881,$693.72,($106.06),$106.06
11/28/24,11/28/24,11/28/24,,Interest Payment,INT,,,$0.08,$0.00
12/1/24,12/1/24,12/1/24,,ACH Deposit,ACH,,,"$1,040.00",$0.00
12/3/24,12/3/24,12/5/24,TSLA,Tesla\nCUSIP: 88160R101,Buy,0.717742,$467.74,($335.72),$335.72
12/5/24,12/5/24,12/7/24,MSFT,Microsoft\nCUSIP: 594918104,Buy,0.41863,$688.68,($288.30),$288.30
12/10/24,12/10/24,12/12/24,AVGO,Broadcom\nCUSIP: 11135F101,Buy,0.120778,"$1,335.83",($161.34),$161.34
12/12/24,12/12/24,12/14/24,AMZN,Amazon\nCUSIP: 023135106,Buy,0.483669,$351.71,($170.11),$170.11
12/13/24,12/13/24,12/15/24,QQQ,Invesco QQQ Trust\nCUSIP: 46090E103,Sell,1.633582,"$1,104.44","$1,804.19","$1,804.19"
12/15/24,12/15/24,12/15/24,,ACH Deposit,ACH,,,$738.00,$0.00
12/17/24,12/17/24,12/19/24,TSLA,Tesla\nCUSIP: 88160R101,Buy,0.352862,$468.44,($165.29),$165.29
12/19/24,12/19/24,12/21/24,AAPL,Apple\nCUSIP: 037833100,Buy,0.568719,$361.66,($205.68),$205.68
12/24/24,12/24/24,12/26/24,QQQ,Invesco QQQ Trust\nCUSIP: 46090E103,Buy,0.538514,"$1,076.95",($579.95),$579.95
12/26/24,12/26/24,12/28/24,MSFT,Microsoft\nCUSIP: 594918104,Buy,0.72314,$691.96,($500.38),$500.38
12/28/24,12/28/24,12/28/24,,Interest Payment,INT,,,$0.21,$0.00
12/31/24,12/31/24,1/2/25,AMZN,Amazon\nCUSIP: 023135106,Buy,1.104224,$353.21,($390.02),$390.02
1/1/25,1/1/25,1/1/25,,ACH Deposit,ACH,,,$383.00,$0.00
1/2/25,1/2/25,1/4/25,NVDA,NVIDIA\nCUSIP: 67066G104,Buy,1.278578,$310.21,($396.63),$396.63
1/7/25,1/7/25,1/9/25,AVGO,Broadcom\nCUSIP: 11135F101,Buy,0.10319,"$1,336.83",($137.95),$137.95
1/9/25,1/9/25,1/11/25,TSLA,Tesla\nCUSIP: 88160R101,Buy,0.586841,$467.66,($274.44),$274.44
1/14/25,1/14/25,1/16/25,VOO,Vanguard S&P 500 ETF\nCUSIP: 922908363,Buy,0.179212,"$1,012.04",($181.37),$181.37
1/15/25,1/15/25,1/15/25,,ACH Deposit,ACH,,,$704.00,$0.00
1/16/25,1/16/25,1/18/25,AAPL,Apple\nCUSIP: 037833100,Buy,0.382841,$361.85,($138.53),$138.53
1/17/25,1/17/25,1/19/25,BRK.B,Berkshire Hathaway Class B\nCUSIP: 084670702,Sell,10.069987,$715.90,"$7,209.10","$7,209.10"
1/21/25,1/21/25,1/23/25,TSLA,Tesla\nCUSIP: 88160R101,Buy,1.234316,$466.73,($576.09),$576.09
1/23/25,1/23/25,1/25/25,QQQ,Invesco QQQ Trust\nCUSIP: 46090E103,Buy,0.909638,"$1,080.45",($982.82),$982.82
1/27/25,1/27/25,1/27/25,VOO,Cash Div: R/D 2025-01-27 P/D 2025-01-27 - 11.155687 shares at 0.9896,CDIV,,,$11.04,$0.00
1/28/25,1/28/25,1/30/25,AVGO,Broadcom\nCUSIP: 11135F101,Buy,0.340821,"$1,333.85",($454.60),$454.60
1/28/25,1/28/25,1/28/25,,Interest Payment,INT,,,$0.84,$0.00
1/30/25,1/30/25,2/1/25,MSFT,Microsoft\nCUSIP: 594918104,Buy,0.453814,$692.83,($314.42),$314.42
2/1/25,2/1/25,2/1/25,,ACH Deposit,ACH,,,$999.00,$0.00
2/4/25,2/4/25,2/6/25,NVDA,NVIDIA\nCUSIP: 67066G104,Buy,1.822627,$307.99,($561.35),$561.35
2/6/25,2/6/25,2/8/25,MSFT,Microsoft\nCUSIP: 594918104,Buy,0.906974,$692.97,($628.51),$628.51
2/11/25,2/11/25,2/13/25,AMZN,Amazon\nCUSIP: 023135106,Buy,0.599909,$354.54,($212.69),$212.69
2/12/25,2/12/25,2/12/25,AVGO,Cash Div: R/D 2025-02-12 P/D 2025-02-12 - 4.481530 shares at 1.4392,CDIV,,,$6.45,$0.00
2/12/25,2/12/25,2/12/25,V,Cash Div: R/D 2025-02-12 P/D 2025-02-12 - 30.142839 shares at 0.285,CDIV,,,$8.59,$0.00
2/13/25,2/13/25,2/15/25,AVGO,Broadcom\nCUSIP: 11135F101,Buy,0.430219,"$1,332.19",($573.13),$573.13
2/15/25,2/15/25,2/15/25,,ACH Deposit,ACH,,,$648.00,$0.00
2/18/25,2/18/25,2/20/25,TSLA,Tesla\nCUSIP: 88160R101,Buy,0.448939,$464.97,($208.74),$208.74
2/20/25,2/20/25,2/22/25,BRK.B,Berkshire Hathaway Class B\nCUSIP: 084670702,Buy,1.840831,$693.83,"($1,277.22)","$1,277.22"
2/25/25,2/25/25,2/27/25,NVDA,NVIDIA\nCUSIP: 67066G104,Buy,1.099419,$307.11,($337.64),$337.64
2/27/25,2/27/25,3/1/25,AMZN,Amazon\nCUSIP: 023135106,Buy,1.465281,$355.68,($521.17),$521.17
2/27/25,2/27/25,2/27/25,AAPL,Cash Div: R/D 2025-02-27 P/D 2025-02-27 - 42.815635 shares at 0.1327,CDIV,,,$5.68,$0.00
2/27/25,2/27/25,2/27/25,AVGO,Cash Div: R/D 2025-02-27 P/D 2025-02-27 - 4.911749 shares at 1.4394,CDIV,,,$7.07,$0.00
2/28/25,2/28/25,2/28/25,,Interest Payment,INT,,,$0.43,$0.00
3/1/25,3/1/25,3/1/25,,ACH Deposit,ACH,,,$990.00,$0.00
3/4/25,3/4/25,3/6/25,V,Visa\nCUSIP: 92826C839,Buy,0.646645,$583.37,($377.23),$377.23
3/6/25,3/6/25,3/8/25,MSFT,Microsoft\nCUSIP: 594918104,Buy,0.129722,$696.00,($90.29),$90.29
3/11/25,3/11/25,3/13/25,AVGO,Broadcom\nCUSIP: 11135F101,Buy,0.43013,"$1,335.52",($574.45),$574.45
3/13/25,3/13/25,3/15/25,AVGO,Broadcom\nCUSIP: 11135F101,Buy,0.288344,"$1,336.23",($385.29),$385.29
3/15/25,3/15/25,3/15/25,,ACH Deposit,ACH,,,$757.00,$0.00
3/18/25,3/18/25,3/20/25,META,Meta Platforms\nCUSIP: 30303M102,Buy,0.928756,$528.70,($491.03),$491.03
3/20/25,3/20/25,3/22/25,V,Visa\nCUSIP: 92826C839,Buy,1.356138,$586.46,($795.32),$795.32
3/25/25,3/25/25,3/27/25,AMZN,Amazon\nCUSIP: 023135106,Buy,1.516656,$359.89,($545.83),$545.83
3/27/25,3/27/25,3/29/25,MSFT,Microsoft\nCUSIP: 594918104,Buy,0.546031,$702.70,($383.70),$383.70
3/27/25,3/27/25,3/27/25,MSFT,Cash Div: R/D 2025-03-27 P/D 2025-03-27 - 20.791327 shares at 0.3333,CDIV,,,$6.93,$0.00
3/27/25,3/27/25,3/27/25,V,Cash Div: R/D 2025-03-27 P/D 2025-03-27 - 32.145622 shares at 0.285,CDIV,,,$9.16,$0.00
3/28/25,3/28/25,3/28/25,,Interest Payment,INT,,,$0.20,$0.00
4/1/25,4/1/25,4/1/25,,ACH Deposit,ACH,,,"$1,166.00",$0.00
4/1/25,4/1/25,4/3/25,AMZN,Amazon\nCUSIP: 023135106,Buy,0.511851,$361.67,($185.12),$185.12
4/3/25,4/3/25,4/5/25,TSLA,Tesla\nCUSIP: 88160R101,Buy,0.620932,$469.54,($291.55),$291.55
4/8/25,4/8/25,4/10/25,AMZN,Amazon\nCUSIP: 023135106,Buy,1.206579,$363.74,($438.88),$438.88
4/10/25,4/10/25,4/12/25,TSLA,Tesla\nCUSIP: 88160R101,Buy,0.375578,$471.55,($177.10),$177.10
4/15/25,4/15/25,4/15/25,,ACH Deposit,ACH,,,$718.00,$0.00
4/15/25,4/15/25,4/17/25,VOO,Vanguard S&P 500 ETF\nCUSIP: 922908363,Buy,0.532144,"$1,036.13",($551.37),$551.37
4/17/25,4/17/25,4/19/25,QQQ,Invesco QQQ Trust\nCUSIP: 46090E103,Buy,0.219882,"$1,119.88",($246.24),$246.24
4/22/25,4/22/25,4/24/25,QQQ,Invesco QQQ Trust\nCUSIP: 46090E103,Buy,0.203145,"$1,125.82",($228.70),$228.70
4/24/25,4/24/25,4/26/25,AAPL,Apple\nCUSIP: 037833100,Buy,0.657032,$373.64,($245.49),$245.49
4/27/25,4/27/25,4/27/25,AVGO,Cash Div: R/D 2025-04-27 P/D 2025-04-27 - 5.630223 shares at 1.4404,CDIV,,,$8.11,$0.00
4/27/25,4/27/25,4/27/25,V,Cash Div: R/D 2025-04-27 P/D 2025-04-27 - 32.145622 shares at 0.285,CDIV,,,$9.16,$0.00
4/28/25,4/28/25,4/28/25,,Interest Payment,INT,,,$0.15,$0.00
4/29/25,4/29/25,5/1/25,VOO,Vanguard S&P 500 ETF\nCUSIP: 922908363,Buy,0.188558,"$1,050.39",($198.06),$198.06
5/1/25,5/1/25,5/1/25,,ACH Deposit,ACH,,,$939.00,$0.00
5/1/25,5/1/25,5/3/25,GOOGL,Alphabet Class A\nCUSIP: 02079K305,Buy,1.584849,$186.76,($295.99),$295.99
5/6/25,5/6/25,5/8/25,AVGO,Broadcom\nCUSIP: 11135F101,Buy,0.222687,"$1,388.19",($309.13),$309.13
5/8/25,5/8/25,5/10/25,AAPL,Apple\nCUSIP: 037833100,Buy,0.559775,$379.46,($212.41),$212.41
5/12/25,5/12/25,5/12/25,AAPL,Cash Div: R/D 2025-05-12 P/D 2025-05-12 - 44.032442 shares at 0.1329,CDIV,,,$5.85,$0.00
5/13/25,5/13/25,5/15/25,BRK.B,Berkshire Hathaway Class B\nCUSIP: 084670702,Buy,0.246903,$728.87,($179.96),$179.96
5/15/25,5/15/25,5/15/25,,ACH Deposit,ACH,,,$798.00,$0.00
5/15/25,5/15/25,5/17/25,VOO,Vanguard S&P 500 ETF\nCUSIP: 922908363,Buy,0.315254,"$1,070.42",($337.45),$337.45
5/20/25,5/20/25,5/22/25,VOO,Vanguard S&P 500 ETF\nCUSIP: 922908363,Buy,0.130155,"$1,077.39",($140.23),$140.23
5/22/25,5/22/25,5/24/25,QQQ,Invesco QQQ Trust\nCUSIP: 46090E103,Buy,0.107015,"$1,170.40",($125.25),$125.25
5/27/25,5/27/25,5/29/25,VOO,Vanguard S&P 500 ETF\nCUSIP: 922908363,Buy,0.126885,"$1,087.59",($138.00),$138.00
5/27/25,5/27/25,5/27/25,AAPL,Cash Div: R/D 2025-05-27 P/D 2025-05-27 - 44.032442 shares at 0.1329,CDIV,,,$5.85,$0.00
5/28/25,5/28/25,5/28/25,,Interest Payment,INT,,,$0.12,$0.00
5/29/25,5/29/25,5/31/25,QQQ,Invesco QQQ Trust\nCUSIP: 46090E103,Buy,0.160864,"$1,182.60",($190.24),$190.24
6/1/25,6/1/25,6/1/25,,ACH Deposit,ACH,,,$552.00,$0.00
6/3/25,6/3/25,6/5/25,V,Visa\nCUSIP: 92826C839,Buy,0.38391,$632.32,($242.75),$242.75
6/5/25,6/5/25,6/7/25,VOO,Vanguard S&P 500 ETF\nCUSIP: 922908363,Buy,0.119042,"$1,101.36",($131.11),$131.11
6/10/25,6/10/25,6/12/25,MSFT,Microsoft\nCUSIP: 594918104,Buy,0.228476,$765.98,($175.01),$175.01
6/12/25,6/12/25,6/14/25,BRK.B,Berkshire Hathaway Class B\nCUSIP: 084670702,Buy,0.12184,$758.01,($92.36),$92.36
6/15/25,6/15/25,6/15/25,,ACH Deposit,ACH,,,$951.00,$0.00
6/17/25,6/17/25,6/19/25,MSFT,Microsoft\nCUSIP: 594918104,Buy,0.29777,$774.04,($230.49),$230.49
6/19/25,6/19/25,6/21/25,AVGO,Broadcom\nCUSIP: 11135F101,Buy,0.107528,"$1,469.46",($158.01),$158.01
6/24/25,6/24/25,6/26/25,AVGO,Broadcom\nCUSIP: 11135F101,Buy,0.154487,"$1,479.54",($228.57),$228.57
6/26/25,6/26/25,6/28/25,META,Meta Platforms\nCUSIP: 30303M102,Buy,0.18031,$593.13,($106.95),$106.95
6/27/25,6/27/25,6/27/25,V,Cash Div: R/D 2025-06-27 P/D 2025-06-27 - 32.529532 shares at 0.285,CDIV,,,$9.27,$0.00
6/28/25,6/28/25,6/28/25,,Interest Payment,INT,,,$0.12,$0.00
7/1/25,7/1/25,7/1/25,,ACH Deposit,ACH,,,"$1,000.00",$0.00
7/1/25,7/1/25,7/3/25,BRK.B,Berkshire Hathaway Class B\nCUSIP: 084670702,Buy,0.487068,$777.91,($378.90),$378.90
7/3/25,7/3/25,7/5/25,NVDA,NVIDIA\nCUSIP: 67066G104,Buy,0.797187,$339.90,($270.96),$270.96
7/8/25,7/8/25,7/10/25,META,Meta Platforms\nCUSIP: 30303M102,Buy,0.47475,$603.52,($286.52),$286.52
7/10/25,7/10/25,7/12/25,META,Meta Platforms\nCUSIP: 30303M102,Buy,0.402206,$605.21,($243.42),$243.42
7/15/25,7/15/25,7/15/25,,ACH Deposit,ACH,,,$804.00,$0.00
7/15/25,7/15/25,7/17/25,V,Visa\nCUSIP: 92826C839,Buy,0.256082,$670.57,($171.72),$171.72
7/17/25,7/17/25,7/19/25,GOOGL,Alphabet Class A\nCUSIP: 02079K305,Buy,0.887141,$205.25,($182.09),$182.09
7/22/25,7/22/25,7/24/25,NVDA,NVIDIA\nCUSIP: 67066G104,Buy,0.740333,$347.28,($257.10),$257.10
7/24/25,7/24/25,7/26/25,V,Visa\nCUSIP: 92826C839,Buy,0.247064,$678.15,($167.55),$167.55
7/25/25,7/25/25,7/27/25,META,Meta Platforms\nCUSIP: 30303M102,Sell,6.461492,$638.43,"$4,125.21","$4,125.21"
7/27/25,7/27/25,7/27/25,MSFT,Cash Div: R/D 2025-07-27 P/D 2025-07-27 - 21.317573 shares at 0.3331,CDIV,,,$7.10,$0.00
7/27/25,7/27/25,7/27/25,VOO,Cash Div: R/D 2025-07-27 P/D 2025-07-27 - 12.567725 shares at 0.9898,CDIV,,,$12.44,$0.00
7/28/25,7/28/25,7/28/25,,Interest Payment,INT,,,$0.60,$0.00
7/29/25,7/29/25,7/31/25,QQQ,Invesco QQQ Trust\nCUSIP: 46090E103,Buy,0.411484,"$1,294.14",($532.52),$532.52
7/31/25,7/31/25,8/2/25,AAPL,Apple\nCUSIP: 037833100,Buy,1.436262,$424.60,($609.84),$609.84
8/1/25,8/1/25,8/1/25,,ACH Deposit,ACH,,,"$1,186.00",$0.00
8/1/25,8/1/25,8/3/25,MSFT,Microsoft\nCUSIP: 594918104,Sell,4.224977,$848.01,"$3,582.82","$3,582.82"
8/5/25,8/5/25,8/7/25,VOO,Vanguard S&P 500 ETF\nCUSIP: 922908363,Buy,0.513409,"$1,193.90",($612.96),$612.96
8/7/25,8/7/25,8/9/25,VOO,Vanguard S&P 500 ETF\nCUSIP: 922908363,Buy,0.610854,"$1,196.38",($730.81),$730.81
8/12/25,8/12/25,8/14/25,GOOGL,Alphabet Class A\nCUSIP: 02079K305,Buy,6.190761,$210.68,"($1,304.27)","$1,304.27"
8/12/25,8/12/25,8/12/25,V,Cash Div: R/D 2025-08-12 P/D 2025-08-12 - 33.032678 shares at 0.2849,CDIV,,,$9.41,$0.00
8/14/25,8/14/25,8/16/25,AVGO,Broadcom\nCUSIP: 11135F101,Buy,0.466313,"$1,570.04",($732.13),$732.13
8/15/25,8/15/25,8/15/25,,ACH Deposit,ACH,,,"$1,045.00",$0.00
8/19/25,8/19/25,8/21/25,NVDA,NVIDIA\nCUSIP: 67066G104,Buy,3.581166,$355.82,"($1,274.25)","$1,274.25"
8/21/25,8/21/25,8/23/25,AAPL,Apple\nCUSIP: 037833100,Buy,2.756123,$433.37,"($1,194.42)","$1,194.42"
8/26/25,8/26/25,8/28/25,NVDA,NVIDIA\nCUSIP: 67066G104,Buy,1.277956,$357.36,($456.69),$456.69
8/28/25,8/28/25,8/30/25,TSLA,Tesla\nCUSIP: 88160R101,Buy,0.355719,$547.58,($194.78),$194.78
8/28/25,8/28/25,8/28/25,,Interest Payment,INT,,,$0.40,$0.00
9/1/25,9/1/25,9/1/25,,ACH Deposit,ACH,,,"$1,137.00",$0.00
9/2/25,9/2/25,9/4/25,MSFT,Microsoft\nCUSIP: 594918104,Buy,0.730872,$848.57,($620.20),$620.20
9/4/25,9/4/25,9/6/25,VOO,Vanguard S&P 500 ETF\nCUSIP: 922908363,Buy,0.523606,"$1,224.18",($640.99),$640.99
9/9/25,9/9/25,9/11/25,META,Meta Platforms\nCUSIP: 30303M102,Buy,0.814418,$644.51,($524.90),$524.90
9/11/25,9/11/25,9/13/25,VOO,Vanguard S&P 500 ETF\nCUSIP: 922908363,Buy,0.193615,"$1,228.95",($237.94),$237.94
9/15/25,9/15/25,9/15/25,,ACH Deposit,ACH,,,$856.00,$0.00
9/16/25,9/16/25,9/18/25,AMZN,Amazon\nCUSIP: 023135106,Buy,0.928032,$443.38,($411.47),$411.47
9/18/25,9/18/25,9/20/25,BRK.B,Berkshire Hathaway Class B\nCUSIP: 084670702,Buy,0.560433,$835.16,($468.05),$468.05
9/23/25,9/23/25,9/25/25,META,Meta Platforms\nCUSIP: 30303M102,Buy,0.771931,$648.96,($500.95),$500.95
9/25/25,9/25/25,9/27/25,AAPL,Apple\nCUSIP: 037833100,Buy,0.378757,$441.93,($167.38),$167.38
9/27/25,9/27/25,9/27/25,AAPL,Cash Div: R/D 2025-09-27 P/D 2025-09-27 - 48.603584 shares at 0.1327,CDIV,,,$6.45,$0.00
9/27/25,9/27/25,9/27/25,V,Cash Div: R/D 2025-09-27 P/D 2025-09-27 - 33.032678 shares at 0.2849,CDIV,,,$9.41,$0.00
9/28/25,9/28/25,9/28/25,,Interest Payment,INT,,,$0.19,$0.00
9/30/25,9/30/25,10/2/25,VOO,Vanguard S&P 500 ETF\nCUSIP: 922908363,Buy,0.290355,"$1,237.59",($359.34),$359.34
10/1/25,10/1/25,10/1/25,,ACH Deposit,ACH,,,$659.00,$0.00
10/2/25,10/2/25,10/4/25,NVDA,NVIDIA\nCUSIP: 67066G104,Buy,1.15247,$361.24,($416.32),$416.32
10/3/25,10/3/25,10/5/25,VOO,Vanguard S&P 500 ETF\nCUSIP: 922908363,Sell,3.567708,"$1,216.79","$4,341.15","$4,341.15"
10/7/25,10/7/25,10/9/25,QQQ,Invesco QQQ Trust\nCUSIP: 46090E103,Buy,0.453812,"$1,365.15",($619.52),$619.52
10/9/25,10/9/25,10/11/25,AMZN,Amazon\nCUSIP: 023135106,Buy,2.278959,$447.45,"($1,019.72)","$1,019.72"
10/12/25,10/12/25,10/12/25,AAPL,Cash Div: R/D 2025-10-12 P/D 2025-10-12 - 48.603584 shares at 0.1327,CDIV,,,$6.45,$0.00
10/12/25,10/12/25,10/12/25,MSFT,Cash Div: R/D 2025-10-12 P/D 2025-10-12 - 17.823468 shares at 0.3333,CDIV,,,$5.94,$0.00
10/12/25,10/12/25,10/12/25,V,Cash Div: R/D 2025-10-12 P/D 2025-10-12 - 33.032678 shares at 0.2849,CDIV,,,$9.41,$0.00
10/14/25,10/14/25,10/16/25,V,Visa\nCUSIP: 92826C839,Buy,0.479276,$714.17,($342.28),$342.28
10/15/25,10/15/25,10/15/25,,ACH Deposit,ACH,,,"$1,186.00",$0.00
10/16/25,10/16/25,10/18/25,MSFT,Microsoft\nCUSIP: 594918104,Buy,0.83622,$863.31,($721.92),$721.92
10/21/25,10/21/25,10/23/25,MSFT,Microsoft\nCUSIP: 594918104,Buy,0.24981,$863.79,($215.78),$215.78
10/23/25,10/23/25,10/25/25,MSFT,Microsoft\nCUSIP: 594918104,Buy,0.458756,$863.93,($396.33),$396.33
10/27/25,10/27/25,10/27/25,VOO,Cash Div: R/D 2025-10-27 P/D 2025-10-27 - 11.131856 shares at 0.99,CDIV,,,$11.02,$0.00
10/28/25,10/28/25,10/30/25,AVGO,Broadcom\nCUSIP: 11135F101,Buy,0.188036,"$1,610.24",($302.78),$302.78
10/28/25,10/28/25,10/28/25,,Interest Payment,INT,,,$0.45,$0.00
10/30/25,10/30/25,11/1/25,V,Visa\nCUSIP: 92826C839,Buy,0.56522,$714.49,($403.84),$403.84
11/1/25,11/1/25,11/1/25,,ACH Deposit,ACH,,,$771.00,$0.00
11/4/25,11/4/25,11/6/25,AVGO,Broadcom\nCUSIP: 11135F101,Buy,0.446661,"$1,609.25",($718.79),$718.79
11/6/25,11/6/25,11/8/25,MSFT,Microsoft\nCUSIP: 594918104,Buy,0.338747,$864.42,($292.82),$292.82
11/11/25,11/11/25,11/13/25,VOO,Vanguard S&P 500 ETF\nCUSIP: 922908363,Buy,0.316398,"$1,240.32",($392.43),$392.43
11/12/25,11/12/25,11/12/25,MSFT,Cash Div: R/D 2025-11-12 P/D 2025-11-12 - 19.707001 shares at 0.3329,CDIV,,,$6.56,$0.00
11/12/25,11/12/25,11/12/25,V,Cash Div: R/D 2025-11-12 P/D 2025-11-12 - 34.077174 shares at 0.2849,CDIV,,,$9.71,$0.00
11/13/25,11/13/25,11/15/25,AVGO,Broadcom\nCUSIP: 11135F101,Buy,0.187353,"$1,607.65",($301.20),$301.20
11/14/25,11/14/25,11/16/25,QQQ,Invesco QQQ Trust\nCUSIP: 46090E103,Sell,2.291046,"$1,425.54","$3,265.98","$3,265.98"
11/15/25,11/15/25,11/15/25,,ACH Deposit,ACH,,,$971.00,$0.00
11/18/25,11/18/25,11/20/25,BRK.B,Berkshire Hathaway Class B\nCUSIP: 084670702,Buy,0.807157,$836.84,($675.46),$675.46
11/20/25,11/20/25,11/22/25,QQQ,Invesco QQQ Trust\nCUSIP: 46090E103,Buy,0.365741,"$1,372.82",($502.10),$502.10
11/25/25,11/25/25,11/27/25,V,Visa\nCUSIP: 92826C839,Buy,0.625588,$713.64,($446.44),$446.44
11/27/25,11/27/25,11/29/25,QQQ,Invesco QQQ Trust\nCUSIP: 46090E103,Buy,0.600167,"$1,373.62",($824.40),$824.40
11/27/25,11/27/25,11/27/25,V,Cash Div: R/D 2025-11-27 P/D 2025-11-27 - 34.702762 shares at 0.285,CDIV,,,$9.89,$0.00
11/28/25,11/28/25,11/28/25,,Interest Payment,INT,,,$0.47,$0.00
12/1/25,12/1/25,12/1/25,,ACH Deposit,ACH,,,"$1,049.00",$0.00
12/2/25,12/2/25,12/4/25,NVDA,NVIDIA\nCUSIP: 67066G104,Buy,2.793532,$357.64,($999.08),$999.08
12/4/25,12/4/25,12/6/25,MSFT,Microsoft\nCUSIP: 594918104,Buy,0.211158,$864.99,($182.65),$182.65
12/9/25,12/9/25,12/11/25,AAPL,Apple\nCUSIP: 037833100,Buy,1.932497,$443.25,($856.58),$856.58
12/11/25,12/11/25,12/13/25,TSLA,Tesla\nCUSIP: 88160R101,Buy,0.850939,$550.16,($468.15),$468.15
12/12/25,12/12/25,12/12/25,NVDA,Cash Div: R/D 2025-12-12 P/D 2025-12-12 - 36.360992 shares at 0.0338,CDIV,,,$1.23,$0.00
12/15/25,12/15/25,12/15/25,,ACH Deposit,ACH,,,$667.00,$0.00
12/16/25,12/16/25,12/18/25,MSFT,Microsoft\nCUSIP: 594918104,Buy,0.44887,$866.31,($388.86),$388.86
12/18/25,12/18/25,12/20/25,NVDA,NVIDIA\nCUSIP: 67066G104,Buy,1.262426,$357.01,($450.70),$450.70
12/23/25,12/23/25,12/25/25,QQQ,Invesco QQQ Trust\nCUSIP: 46090E103,Buy,0.130741,"$1,380.55",($180.49),$180.49
12/25/25,12/25/25,12/27/25,VOO,Vanguard S&P 500 ETF\nCUSIP: 922908363,Buy,0.251955,"$1,242.33",($313.01),$313.01
12/27/25,12/27/25,12/27/25,AVGO,Cash Div: R/D 2025-12-27 P/D 2025-12-27 - 7.403288 shares at 1.4399,CDIV,,,$10.66,$0.00
12/27/25,12/27/25,12/27/25,NVDA,Cash Div: R/D 2025-12-27 P/D 2025-12-27 - 37.623418 shares at 0.0338,CDIV,,,$1.27,$0.00
12/28/25,12/28/25,12/28/25,,Interest Payment,INT,,,$0.21,$0.00
12/30/25,12/30/25,1/1/26,QQQ,Invesco QQQ Trust\nCUSIP: 46090E103,Buy,0.188967,"$1,384.12",($261.55),$261.55
1/1/26,1/1/26,1/1/26,,ACH Deposit,ACH,,,"$1,074.00",$0.00
1/1/26,1/1/26,1/3/26,NVDA,NVIDIA\nCUSIP: 67066G104,Buy,0.92097,$357.26,($329.03),$329.03
1/6/26,1/6/26,1/8/26,BRK.B,Berkshire Hathaway Class B\nCUSIP: 084670702,Buy,0.440131,$839.17,($369.34),$369.34
1/8/26,1/8/26,1/10/26,AMZN,Amazon\nCUSIP: 023135106,Buy,0.445243,$455.38,($202.75),$202.75
1/12/26,1/12/26,1/12/26,V,Cash Div: R/D 2026-01-12 P/D 2026-01-12 - 34.702762 shares at 0.285,CDIV,,,$9.89,$0.00
1/13/26,1/13/26,1/15/26,MSFT,Microsoft\nCUSIP: 594918104,Buy,0.238126,$875.13,($208.39),$208.39
1/15/26,1/15/26,1/15/26,,ACH Deposit,ACH,,,$992.00,$0.00
1/15/26,1/15/26,1/17/26,MSFT,Microsoft\nCUSIP: 594918104,Buy,0.453098,$876.15,($396.98),$396.98
1/16/26,1/16/26,1/18/26,BRK.B,Berkshire Hathaway Class B\nCUSIP: 084670702,Sell,3.021922,$821.61,"$2,482.84","$2,482.84"
1/20/26,1/20/26,1/22/26,MSFT,Microsoft\nCUSIP: 594918104,Buy,1.161567,$878.95,"($1,020.96)","$1,020.96"
1/22/26,1/22/26,1/24/26,MSFT,Microsoft\nCUSIP: 594918104,Buy,0.470807,$880.17,($414.39),$414.39
1/23/26,1/23/26,1/25/26,AAPL,Apple\nCUSIP: 037833100,Sell,13.931904,$441.83,"$6,155.53","$6,155.53"
1/27/26,1/27/26,1/29/26,TSLA,Tesla\nCUSIP: 88160R101,Buy,0.632232,$556.79,($352.02),$352.02
1/27/26,1/27/26,1/27/26,MSFT,Cash Div: R/D 2026-01-27 P/D 2026-01-27 - 22.690627 shares at 0.3332,CDIV,,,$7.56,$0.00
1/28/26,1/28/26,1/28/26,,Interest Payment,INT,,,$1.07,$0.00
1/29/26,1/29/26,1/31/26,GOOGL,Alphabet Class A\nCUSIP: 02079K305,Buy,5.414747,$216.97,"($1,174.84)","$1,174.84"
2/1/26,2/1/26,2/1/26,,ACH Deposit,ACH,,,$429.00,$0.00
2/3/26,2/3/26,2/5/26,AVGO,Broadcom\nCUSIP: 11135F101,Buy,0.515136,"$1,636.66",($843.10),$843.10
2/5/26,2/5/26,2/7/26,AAPL,Apple\nCUSIP: 037833100,Buy,1.761345,$454.47,($800.48),$800.48
2/10/26,2/10/26,2/12/26,TSLA,Tesla\nCUSIP: 88160R101,Buy,1.06227,$562.48,($597.51),$597.51
2/12/26,2/12/26,2/14/26,AMZN,Amazon\nCUSIP: 023135106,Buy,1.178081,$468.78,($552.26),$552.26
2/12/26,2/12/26,2/12/26,AAPL,Cash Div: R/D 2026-02-12 P/D 2026-02-12 - 38.365522 shares at 0.1327,CDIV,,,$5.09,$0.00
2/15/26,2/15/26,2/15/26,,ACH Deposit,ACH,,,$727.00,$0.00
2/17/26,2/17/26,2/19/26,AVGO,Broadcom\nCUSIP: 11135F101,Buy,0.873357,"$1,657.32","($1,447.43)","$1,447.43"
2/19/26,2/19/26,2/21/26,GOOGL,Alphabet Class A\nCUSIP: 02079K305,Buy,4.126733,$220.70,($910.77),$910.77
2/24/26,2/24/26,2/26/26,NVDA,NVIDIA\nCUSIP: 67066G104,Buy,0.833208,$368.35,($306.91),$306.91
2/26/26,2/26/26,2/28/26,GOOGL,Alphabet Class A\nCUSIP: 02079K305,Buy,2.610012,$222.27,($580.13),$580.13
2/27/26,2/27/26,2/27/26,AAPL,Cash Div: R/D 2026-02-27 P/D 2026-02-27 - 38.365522 shares at 0.1327,CDIV,,,$5.09,$0.00
2/28/26,2/28/26,2/28/26,,Interest Payment,INT,,,$0.35,$0.00
3/1/26,3/1/26,3/1/26,,ACH Deposit,ACH,,,$560.00,$0.00
3/3/26,3/3/26,3/5/26,BRK.B,Berkshire Hathaway Class B\nCUSIP: 084670702,Buy,0.819304,$876.50,($718.12),$718.12
3/5/26,3/5/26,3/7/26,AAPL,Apple\nCUSIP: 037833100,Buy,0.632741,$468.45,($296.41),$296.41
3/10/26,3/10/26,3/12/26,AAPL,Apple\nCUSIP: 037833100,Buy,1.182648,$471.47,($557.58),$557.58
3/12/26,3/12/26,3/14/26,BRK.B,Berkshire Hathaway Class B\nCUSIP: 084670702,Buy,0.312285,$886.20,($276.75),$276.75
3/15/26,3/15/26,3/15/26,,ACH Deposit,ACH,,,$413.00,$0.00
3/17/26,3/17/26,3/19/26,TSLA,Tesla\nCUSIP: 88160R101,Buy,0.477309,$583.85,($278.68),$278.68
3/19/26,3/19/26,3/21/26,AMZN,Amazon\nCUSIP: 023135106,Buy,0.434377,$491.08,($213.31),$213.31
3/24/26,3/24/26,3/26/26,VOO,Vanguard S&P 500 ETF\nCUSIP: 922908363,Buy,0.243984,"$1,343.89",($327.89),$327.89
3/26/26,3/26/26,3/28/26,V,Visa\nCUSIP: 92826C839,Buy,0.192724,$775.94,($149.54),$149.54
3/27/26,3/27/26,3/27/26,NVDA,Cash Div: R/D 2026-03-27 P/D 2026-03-27 - 39.377596 shares at 0.0338,CDIV,,,$1.33,$0.00
3/27/26,3/27/26,3/27/26,V,Cash Div: R/D 2026-03-27 P/D 2026-03-27 - 34.895486 shares at 0.2851,CDIV,,,$9.95,$0.00
3/28/26,3/28/26,3/28/26,,Interest Payment,INT,,,$0.13,$0.00
3/31/26,3/31/26,4/2/26,BRK.B,Berkshire Hathaway Class B\nCUSIP: 084670702,Buy,0.162075,$908.82,($147.30),$147.30
4/1/26,4/1/26,4/1/26,,ACH Deposit,ACH,,,$812.00,$0.00
4/2/26,4/2/26,4/4/26,AMZN,Amazon\nCUSIP: 023135106,Buy,0.533737,$501.71,($267.78),$267.78
4/3/26,4/3/26,4/5/26,QQQ,Invesco QQQ Trust\nCUSIP: 46090E103,Sell,3.946527,"$1,514.55","$5,977.21","$5,977.21"
4/7/26,4/7/26,4/9/26,AVGO,Broadcom\nCUSIP: 11135F101,Buy,0.365419,"$1,761.79",($643.79),$643.79
4/9/26,4/9/26,4/11/26,META,Meta Platforms\nCUSIP: 30303M102,Buy,0.965313,$731.04,($705.68),$705.68
4/12/26,4/12/26,4/12/26,AVGO,Cash Div: R/D 2026-04-12 P/D 2026-04-12 - 9.157200 shares at 1.4404,CDIV,,,$13.19,$0.00
4/12/26,4/12/26,4/12/26,MSFT,Cash Div: R/D 2026-04-12 P/D 2026-04-12 - 22.690627 shares at 0.3332,CDIV,,,$7.56,$0.00
4/14/26,4/14/26,4/16/26,V,Visa\nCUSIP: 92826C839,Buy,1.149122,$797.29,($916.18),$916.18
4/15/26,4/15/26,4/15/26,,ACH Deposit,ACH,,,$446.00,$0.00
4/16/26,4/16/26,4/18/26,V,Visa\nCUSIP: 92826C839,Buy,0.680261,$799.57,($543.92),$543.92
4/21/26,4/21/26,4/23/26,AAPL,Apple\nCUSIP: 037833100,Buy,2.172445,$500.09,"($1,086.42)","$1,086.42"
4/23/26,4/23/26,4/25/26,NVDA,NVIDIA\nCUSIP: 67066G104,Buy,1.137541,$394.50,($448.76),$448.76
4/27/26,4/27/26,4/27/26,AVGO,Cash Div: R/D 2026-04-27 P/D 2026-04-27 - 9.157200 shares at 1.4404,CDIV,,,$13.19,$0.00
4/27/26,4/27/26,4/27/26,MSFT,Cash Div: R/D 2026-04-27 P/D 2026-04-27 - 22.690627 shares at 0.3332,CDIV,,,$7.56,$0.00
4/28/26,4/28/26,4/30/26,GOOGL,Alphabet Class A\nCUSIP: 02079K305,Buy,3.143303,$239.88,($754.02),$754.02
4/28/26,4/28/26,4/28/26,,Interest Payment,INT,,,$0.43,$0.00
4/30/26,4/30/26,5/2/26,NVDA,NVIDIA\nCUSIP: 67066G104,Buy,0.675231,$397.80,($268.61),$268.61
5/1/26,5/1/26,5/1/26,,ACH Deposit,ACH,,,"$1,178.00",$0.00
5/5/26,5/5/26,5/7/26,AAPL,Apple\nCUSIP: 037833100,Buy,0.307976,$509.68,($156.97),$156.97
5/7/26,5/7/26,5/9/26,AVGO,Broadcom\nCUSIP: 11135F101,Buy,0.292257,"$1,833.16",($535.75),$535.75
5/12/26,5/12/26,5/14/26,TSLA,Tesla\nCUSIP: 88160R101,Buy,0.546815,$626.66,($342.67),$342.67
5/12/26,5/12/26,5/12/26,AVGO,Cash Div: R/D 2026-05-12 P/D 2026-05-12 - 9.449457 shares at 1.4403,CDIV,,,$13.61,$0.00
5/14/26,5/14/26,5/16/26,GOOGL,Alphabet Class A\nCUSIP: 02079K305,Buy,2.045329,$244.43,($499.94),$499.94
5/15/26,5/15/26,5/15/26,,ACH Deposit,ACH,,,$913.00,$0.00
5/19/26,5/19/26,5/21/26,MSFT,Microsoft\nCUSIP: 594918104,Buy,0.282309,"$1,022.28",($288.60),$288.60
5/21/26,5/21/26,5/23/26,GOOGL,Alphabet Class A\nCUSIP: 02079K305,Buy,2.114516,$246.24,($520.68),$520.68
5/26/26,5/26/26,5/28/26,BRK.B,Berkshire Hathaway Class B\nCUSIP: 084670702,Buy,0.494323,$975.39,($482.16),$482.16
5/28/26,5/28/26,5/30/26,TSLA,Tesla\nCUSIP: 88160R101,Buy,0.187777,$637.01,($119.62),$119.62
5/28/26,5/28/26,5/28/26,,Interest Payment,INT,,,$0.22,$0.00
6/1/26,6/1/26,6/1/26,,ACH Deposit,ACH,,,$380.00,$0.00
6/2/26,6/2/26,6/4/26,AMZN,Amazon\nCUSIP: 023135106,Buy,0.344321,$546.58,($188.20),$188.20
6/4/26,6/4/26,6/6/26,BRK.B,Berkshire Hathaway Class B\nCUSIP: 084670702,Buy,0.26741,$983.75,($263.06),$263.06
